,titulo,preco,vendidos,rating,frete,loja,busca
0,Original xiaomi redmi airdots 2 fone de ouvido sem fio fones de ouvido estéreo fone de ouvido bluetooth com microfone airdots 2 fone de ouvido,"R$29,97",35210 vendido(s),4.5,Frete grátis,Shop911531059 Store,fone+de+ouvido+bluetooth
1,Novo original lenovo lp40 tws fone de ouvido sem fio bluetooth 5.0 dupla estéreo redução ruído baixo controle toque longa espera 230mah,"R$66,97",71194 vendido(s),4.6,Frete grátis,Mobile Phone Online Store,fone+de+ouvido+bluetooth
2,I7s tws fones de ouvido sem fio bluetooth 5.0 fones esporte com microfone caixa carregamento para todos os smartphones,"R$10,01",3949 vendido(s),4.4,"+ envio: R$ 13,71",VIKEFON Official Store,fone+de+ouvido+bluetooth
3,Original tws y60 fone de ouvido bluetooth sem fio fones música estéreo controle toque sem fio bluetooth,"R$20,62",1819 vendido(s),4.9,Frete grátis,Shop911531056 Store,fone+de+ouvido+bluetooth
4,Lenovo xt80 bluetooth 5.3 fones de ouvido sem fio verdadeiro com microfone botão controle redução ruído earhooks fone à prova dwaterproof água,"R$87,7",1354 vendido(s),4.9,Frete grátis,Lenovo Original Digital Store,fone+de+ouvido+bluetooth
5,Y60 fone de ouvido bluetooth 5.1 tws sem fio fones com display led estéreo controle toque fones redução ruído,"R$40,1",1109 vendido(s),4.4,Frete grátis,Shop911531059 Store,fone+de+ouvido+bluetooth
6,Tws ar pro 4 fone fones de ouvido sem fio bluetooth controle toque estéreo com microfone para iphone xiaomi pro 4,"R$21,17",1772 vendido(s),4.5,Frete grátis,CASECASE Store,fone+de+ouvido+bluetooth
7,Real condução óssea fones de ouvido bluetooth 5.3 sem fio à prova dwireless água esportes fones com microfone para exercícios de condução em execução,"R$29,98",2551 vendido(s),4.6,Frete grátis,Honghu 5 Store,fone+de+ouvido+bluetooth
8,Tws fone de ouvido sem fio bluetooth 5.0 earbud touch in-ear 9d estéreo esportes à prova dwaterproof água fone de ouvido de alta fidelidade display led com microfone,"R$33,13",766 vendido(s),5,"+ envio: R$ 14,31",GOOLOOK Outlets Store,fone+de+ouvido+bluetooth
9,Jbl w300tws verdadeiro fone de ouvido sem fio bluetooth adequado para esportes jogos baixo estéreo redução ruído e ipx2 à prova dwaterproof água fone de ouvido,"R$104,13",135 vendido(s),4.5,Frete grátis,Tian Lai Store,fone+de+ouvido+bluetooth
10,2022 novo original lenovo x16 fone de ouvido bluetooth 5.2 tws sem fio fones estéreo esportes earhook fone com microfone duplo hd,"R$66,05",1444 vendido(s),4.8,Frete grátis,Mobile Phone Online Store,fone+de+ouvido+bluetooth
11,Tws fones de ouvido sem fio bluetooth fones de ouvido de alta fidelidade 9d estéreo com microfone toque de carregamento para jogos esportivos telefones,"R$10,66",25 vendido(s),0,Frete grátis,Shop1102180768 Store,fone+de+ouvido+bluetooth
12,Lenovo lp75 esportes bluetooth fones de ouvido com microfones bluetooth 5.3 fones sem fio alta fidelidade estéreo sem fio,"R$102,94",4740 vendido(s),4.6,Frete grátis,Lenovo HIFI-Flagship Store,fone+de+ouvido+bluetooth
13,G9s tws bluetooth fone de ouvido sem fio com microfone 9d estéreo jogos esporte fones à prova dwaterproof água controle toque,"R$43,47",0,0,Frete grátis,LEMFO Global Store,fone+de+ouvido+bluetooth
14,F9-5 bluetooth 5.0 sem fio fones de ouvido display digital controle de toque redução de ruído verdadeiro estéreo sem fio in-ear fones de ouvido,"R$16,87",0,0,0,Mcoplus 3CCC Accessories Store,fone+de+ouvido+bluetooth
15,Novo tws fones de ouvido sem fio bluetooth fone com controle toque 9d estéreo microfone esportes bluetooth 5.0,"R$61,32",81 vendido(s),5,Frete grátis,Shop1102110853 Store,fone+de+ouvido+bluetooth
16,Tws m10 jogos sem fio fones de ouvido 40ms baixa latência bluetooth 5.0 esportes à prova dwaterproof água fone com cancelamento ruído,"R$83,62",476 vendido(s),4.5,Frete grátis,OQN AE-Digital Store,fone+de+ouvido+bluetooth
17,S109 v5.0 bluetooth sem fio fone de ouvido handsfree negócios chamada mini fone de ouvido sem fio para xiaomi com microfone,"R$20,02",325 vendido(s),4.8,Frete grátis,shinzanmono Store,fone+de+ouvido+bluetooth
18,Novo xiaomi redmi airdots 2 tws fone de ouvido sem fio bluetooth fone fone fone fone com microfone original redmi airdots 2 fones de ouvido sem fio,"R$29,97",17505 vendido(s),4.5,Frete grátis,Shop911599217 Store,fone+de+ouvido+bluetooth
19,Ar original pro 4 tws fones de ouvido sem fio bluetooth 5.0 fones de ouvido em fones de jogos para xiaomi iphone apple,"R$19,97",1605 vendido(s),4.6,Frete grátis,Zhenbaoshi Store,fone+de+ouvido+bluetooth
20,Y60 fone de ouvido bluetooth com caixa carregamento fone sem fio bluetooth estéreo display led controle toque sem fio,"R$40,1",366 vendido(s),4.5,Frete grátis,Shop1100147337 Store,fone+de+ouvido+bluetooth
21,"Fone de ouvido estéreo HIFI para celular xiaomi iphone e tablet Samsung, com bluetooth para música, FM e com suporte de cartão SD e microfone","R$58,05",972 vendido(s),4.8,Frete grátis,Factory sales Wireless audio,fone+de+ouvido+bluetooth
22,Fone original bluetooth a6s tws fones de ouvido sem fio bluetooth fone esporte estéreo para xiaomi huawei iphone,"R$19,97",606 vendido(s),4.6,Frete grátis,3CC Smart Tech Global Store,fone+de+ouvido+bluetooth
23,Condução de ar fones de ouvido sem fio bluetooth esportes tws gancho fone ouvido fone bluetooth não condução óssea,"R$19,97",678 vendido(s),4.9,Frete grátis,Shop1100147337 Store,fone+de+ouvido+bluetooth
24,Haylou gt7 tws fones de ouvido sem fio preto fone de ouvido bluetooth 5.2 aac gamer chamada cancelamento de ruído de baixa latência fone de ouvido,"R$95,37",126 vendido(s),5,Frete grátis,HongKong Haylou Store,fone+de+ouvido+bluetooth
25,Pk xe05 fone de ouvido bluetooth 5.0 fones neckband magnético à prova dwireless água esporte sem fio com microfone fone,"R$46,73",0,0,Frete grátis,Niye Official Store,fone+de+ouvido+bluetooth
26,2022 novos fones de ouvido de condução óssea sem fio esportes fone de ouvido bluetooth-compatível fone de ouvido mãos livres com microfone para correr,"R$29,97",706 vendido(s),4.4,0,LEVCOECAM AiHomeVision Store,fone+de+ouvido+bluetooth
27,Tws caixa de carregamento fones bluetooth fone de ouvido sem fio fone estéreo com microfone esportes à prova dwaterproof água,"R$39,17",0,0,"+ envio: R$ 18,12",OLPAY Accessories Official Store,fone+de+ouvido+bluetooth
28,Tws pescoço sem fio bluetooth fones de ouvido 48h longa vida esportes correndo fone esporte à prova dwaterproof água fones redução ruído,"R$21,41",2825 vendido(s),4.4,Frete grátis,Shop1100014109 Store,fone+de+ouvido+bluetooth
29,Novo vg10 gaming fone fones de ouvido bluetooth sem fio fones de ouvido in-ear tws jogo estéreo sem fio para xiaomi,"R$19,97",1113 vendido(s),4.7,"+ envio: R$ 8,60",Shop911531056 Store,fone+de+ouvido+bluetooth
30,Original bluetooth bandana sem fio fones de ouvido máscara de olho bluetooth sono bandana música elástica sem fio,"R$29,98",1133 vendido(s),4.6,Frete grátis,BeeBeeBee Store,fone+de+ouvido+bluetooth
31,Original lenovo condução óssea fones de ouvido bluetooth-com sem fio à prova dwireless água confortável usar aberto gancho da orelha esportes fones de ouvido,"R$52,88",65 vendido(s),4,Frete grátis,YASUSEZ Accessories Store,fone+de+ouvido+bluetooth
32,Tws pro 4 fones de ouvido sem fio bluetooth fones de ouvido in-ear fone de ouvido estéreo baixo com microfone caixa de carregamento pro4 fone de ouvido bluetooth,"R$21,17",5740 vendido(s),4.5,Frete grátis,Shop5524084 Store,fone+de+ouvido+bluetooth
33,Bluetooth dormir fones de ouvido esportes bandana fina macia elástica confortável música sem fio máscara para o lado do sono,"R$29,99",5142 vendido(s),4.8,"+ envio: R$ 15,28",SK1012 Store,fone+de+ouvido+bluetooth
34,I7s tws fones de ouvido sem fio bluetooth 5.0 fones esportes com microfone caixa carregamento para todos os smartphones,"R$30,14",183 vendido(s),5,Frete grátis,Shop1102110853 Store,fone+de+ouvido+bluetooth
35,Original xiaomi redmi airdots 2 tws fone de ouvido bluetooth com microfone fones sem fio redmi airdots 2 fone,"R$29,97",12361 vendido(s),4.5,Frete grátis,Shop911531059 Store,fone+de+ouvido+bluetooth
36,Esportes bluetooth sem fio fones de ouvido com microfone à prova dipágua ipx5 ganchos bluetooth fones de alta fidelidade estéreo música para o telefone,"R$81,99",18025 vendido(s),4.7,Frete grátis,Bupuda Official Store,fone+de+ouvido+bluetooth
37,Tws bluetooth 5.2 fones de ouvido 3500mah caixa carregamento sem fio 9d estéreo controle toque à prova dwaterproof água cancelamento ruído fone ouvido,"R$65,99",395 vendido(s),4.8,Frete grátis,FANGTUOSI factory Store,fone+de+ouvido+bluetooth
38,"Soundpeats air3 fones de ouvido sem fio qcc3040 bluetooth v5.2 aptx-adaptativo, cancelamento de ruído de 4 microfones + cvc, detecção de ouvido","R$254,57",3136 vendido(s),4.7,Frete grátis,SoundPEATS Official Store,fone+de+ouvido+bluetooth
39,Jbl tune 225tws fones de ouvido sem fio bluetooth fones de ouvido in-ear esporte música fones de ouvido jogos fone de ouvido com microfone,"R$91,84",63 vendido(s),4.5,Frete grátis,JBL- Officer Store,fone+de+ouvido+bluetooth
40,10 peças y50 atacado tws bluetooth fone de ouvido 5.0 estéreo sem fio fones com microfone para o telefone,"R$258,05",6 vendido(s),0,Frete grátis,KaitKait Global Store,fone+de+ouvido+bluetooth
41,Y50 tws bluetooth fones de ouvido sem fio inteligente controle toque hd estéreo esporte 5.0 fones com microfone charing caixa,"R$42,33",740 vendido(s),4.7,Frete grátis,Dahao -6 Store,fone+de+ouvido+bluetooth
42,Y60 fone de ouvido bluetooth tws sem fio fones ar a6s controle toque sem fio bluetooth redução ruído,"R$20,62",405 vendido(s),5,Frete grátis,Shop1100143419 Store,fone+de+ouvido+bluetooth
43,Y60 tws fone de ouvido bluetooth sem fio fones música estéreo controle toque sem fio bluetooth fone de ouvido,"R$42,55",0,0,Frete grátis,furrysbox Store,fone+de+ouvido+bluetooth
44,Original pro6 tws fones de ouvido para iphone xiaomi telefones bluetooth 5.1 controle toque sem fio fones esporte música,"R$49,62",0,0,Frete grátis,OTVP Store,fone+de+ouvido+bluetooth
45,Sanag z9 esportes fones de ouvido sem fio bluetooth gancho à prova dwaterproof água esportes correndo da aptidão alta fidelidade aac fone,"R$165,5",10 vendido(s),0,Frete grátis,Sanag DiDo Store,fone+de+ouvido+bluetooth
46,Baseus bowie e9 fone de ouvido sem fio bluetooth 5.3 com 4-mics enc verdadeiro sem fio fone de ouvido com cancelamento ruído jogos esporte alta fidelidade earbud,"R$208,87",2195 vendido(s),4.7,Frete grátis,"BASEUS Co.,Ltd. Store",fone+de+ouvido+bluetooth
47,I7s tws fones de ouvido sem fio bluetooth 5.0 fones esporte com microfone caixa carregamento para todos os smartphones,"R$20,02",2565 vendido(s),4.7,Frete grátis,HSQJ 3C Official Store,fone+de+ouvido+bluetooth
48,"Mini fone de ouvido interno de alta fidelidade, fone de ouvido sem fio bluetooth 5.0 com microfone para esportes, som estéreo de mãos livres para todos os telefones","R$20,02",1198 vendido(s),4.3,"+ envio: R$ 2,77",Cohai Store,fone+de+ouvido+bluetooth
49,"Edifier TWS1 Pro fone de ouvido sem fio, bluetooth 5.2, aptX, até 42 horas de playback, capacidades de carregamento rápido","R$223,12",3627 vendido(s),4.8,Frete grátis,Edifier Official Store,fone+de+ouvido+bluetooth
50,Simples universal in-ear fones de ouvido inline telefone do computador com trigo fone de ouvido fio fone de ouvido bluetooth fone de ouvido v4.2 estéreo,"R$4,95",2239 vendido(s),4.6,"+ envio: R$ 25,14",3C-Office Electronics-World Store,fone+de+ouvido+bluetooth
51,Original sílaba s101 tws baixo fones de ouvido sem fio fone de ouvido redução de ruído sílaba controle de volume bluetooth-compatível,"R$182,37",1630 vendido(s),4.8,Frete grátis,SYLLABLE Retail Store Store,fone+de+ouvido+bluetooth
52,Fones de ouvido sem fio bluetooth fones de ouvido de controle de toque caso de carregamento sem fio fones de ouvido estéreo in-ear microfone embutido esporte fone de ouvido,"R$80,68",103 vendido(s),5,Frete grátis,SMT Store,fone+de+ouvido+bluetooth
53,Tws pro 4 bluetooth fones de ouvido sem fio tws earburds esportes in-ear fone de ouvido estéreo sem fio fone de ouvido 4 geração pro4,"R$19,97",285 vendido(s),4.9,"+ envio: R$ 18,44",Green Tech 3C Store,fone+de+ouvido+bluetooth
54,Xiaomi redmi airdots 3 pro tws verdadeiro fones de ouvido sem fio anc bluetooth fone de carregamento sem fio redmi buds 3 pro,"R$271,27",6293 vendido(s),4.8,Frete grátis,Hong Kong Goldway,fone+de+ouvido+bluetooth
55,"Fone de ouvido sem fio esportivo, headset intra-auricular, bluetooth, à prova d'água, magnético, estéreo com microfone","R$7,89",397 vendido(s),4.4,"+ envio: R$ 29,16",natasha Store,fone+de+ouvido+bluetooth
56,Xiaomi 2022 sem fio bluetooth fones de ouvido esportes à prova dtwágua tws bluetooth 5.1 fone alta fidelidade cancelamento ruído fone com microfone,"R$101,3",338 vendido(s),4.9,Frete grátis,Xiaomi super factory Store,fone+de+ouvido+bluetooth
57,Nova abelha bluetooth 5.0 fones de ouvido sem fio fone de com microfone 24hrs mini handsfree para iphone xiaomi,"R$107,67",6793 vendido(s),4.9,Frete grátis,"Shenzhen Link Dream Electronics co., Ltd",fone+de+ouvido+bluetooth
58,Baseus d02 pro sem fio bluetooth fones de ouvido estéreo alta fidelidade dobrável esporte fone com cabo áudio foriphone tablet,"R$200,76",1827 vendido(s),4.9,Frete grátis,BASEUS Official Store,fone+de+ouvido+bluetooth
59,"Kz-fones de ouvido edx pro, dinâmicos, hifi bass, monitor de esporte, cancelamento de ruído, headset, kz, edxpro, mt1, csn, zst, sks","R$54,24",1327 vendido(s),4.9,Frete grátis,SA Audio Store,fone+de+ouvido+bluetooth
60,F9 tws fones de ouvido sem fio estéreo 5.0 fones de ouvido bluetooth in-ear fones handsfree chamada binaural fone de ouvido para xiaomi,"R$47,93",1 vendido(s),0,Frete grátis,Honghu 5 Store,fone+de+ouvido+bluetooth
61,Tws mini 2 fones de ouvido sem fio bluetooth matte macaron fone com microfone caixa carregamento esportes pk i7 i12 estéreo,"R$10,01",1578 vendido(s),4.5,"+ envio: R$ 23,50",Wonderful-feeling Store,fone+de+ouvido+bluetooth
62,"Soundcore por Anker Life P2i fone de ouvido sem fio bluetooth, fone sem fio bluetooth, ai-chamadas aprimoradas, 10mm drivers, 2 modos eq, 28h playtime com carregamento rápido","R$145,48",2595 vendido(s),4.8,Frete grátis,ANKER Official Store,fone+de+ouvido+bluetooth
63,V9 fones de ouvido handsfree negócios bluetooth fone de ouvido com microfone sem fio bluetooth para a redução ruído da movimentação,"R$20,02",1026 vendido(s),4.7,Frete grátis,"Hi,WORLD!",fone+de+ouvido+bluetooth
64,Tws pescoço sem fio bluetooth fones de ouvido 48h longa vida esportes correndo fone esporte à prova dwaterproof água fones redução ruído,"R$21,41",2825 vendido(s),4.4,Frete grátis,Shop1100014109 Store,fone+de+ouvido+bluetooth
65,Bluetooth 5.1 fone de ouvido sem fio xbox fones redução ruído com microfones esporte headsets à prova dwaterproof água jogos freebuds,"R$34,55",43 vendido(s),4.4,"+ envio: R$ 2,99",HENGWU Audio Store,fone+de+ouvido+bluetooth
66,Xiaomi redmi airdots 3 verdadeiro sem fio bluetooth 5.2 aptx adaptável estéreo baixo com microfone handsfree tws fones de ouvido,"R$152,66",864 vendido(s),4.9,Frete grátis,Hong Kong Goldway,fone+de+ouvido+bluetooth
67,Lenovo lp1 tws fone de ouvido bluetooth 5.0 sem fio à prova dwireless água esporte earbud cancelamento ruído mic dupla estéreo alta fidelidade baixo toque,"R$77,64",1160 vendido(s),4.6,Frete grátis,Mobile Phone Online Store,fone+de+ouvido+bluetooth
68,Original lenovo lp80 tws fones de ouvido bluetooth sem fio esportes movimento fitness fone baixa latência jogos música,"R$82,91",3357 vendido(s),4.6,Frete grátis,Mobile Phone Online Store,fone+de+ouvido+bluetooth
69,2021 nova atualização sem fio fone de ouvido bluetooth estéreo fone de ouvido dobrável com microfone do telefone móvel ios android venda quente,"R$85,91",52 vendido(s),4.5,Frete grátis,CATASSU Flagships Store,fone+de+ouvido+bluetooth
70,Esporte sem fio bluetooth fones de ouvido surround som condução óssea fones à prova dwaterproof água esporte redução ruído fone,R$55,503 vendido(s),4.5,Frete grátis,LEVCOECAM HelSurDis Store,fone+de+ouvido+bluetooth
71,09 9d tws bluetooth 5.0 fones de ouvido 2200mah caixa carregamento sem fio fone estéreo esportes à prova dwaterproof água fones com microfone,"R$53,05",6080 vendido(s),4.6,Frete grátis,FA 3C Digital Store,fone+de+ouvido+bluetooth
72,Lenovo tws bluetooth 5.0 fone de ouvido sem fio esportes lp7 à prova dlágua baixo atraso do jogo fone com exibição da bateria,"R$105,77",1441 vendido(s),4.7,Frete grátis,Smarts Online Store,fone+de+ouvido+bluetooth
73,Lenovo lp6 tws gaming fone de ouvido novo sem fio buletooth fone de ouvido com redução de ruído modo duplo fone de ouvido para e-esportes jogos música,"R$125,45",440 vendido(s),4.8,Frete grátis,Lenovo ThinkPlus Store,fone+de+ouvido+bluetooth
74,A6s tws sem fio bluetooth fones de ouvido som estéreo esporte com cancelamento ruído mini para xiaomi samsung telefones inteligentes,"R$9,99",766 vendido(s),4.6,"+ envio: R$ 35,64",HS online Earbuds Store,fone+de+ouvido+bluetooth
75,Lenovo lp6 tws gaming fone de ouvido novo sem fio buletooth fone de ouvido com redução de ruído modo duplo fone de ouvido para e-esportes jogos música,"R$126,33",1808 vendido(s),4.6,Frete grátis,Headphone World Store,fone+de+ouvido+bluetooth
76,V9 fones de ouvido handsfree negócios bluetooth fone de ouvido com microfone sem fio bluetooth para a redução ruído da movimentação,"R$33,13",100 vendido(s),4.8,"+ envio: R$ 28,62",Aelusto Store,fone+de+ouvido+bluetooth
77,2022 novos esportes fones de ouvido sem fio condução óssea fone de ouvido bluetooth-compatível fone de ouvido mãos livres com microfone para correr,"R$29,98",63 vendido(s),4.5,Frete grátis,LEVCOECAM HelSurDis Store,fone+de+ouvido+bluetooth
78,Bluetooth bandana máscara de olho sono fones de ouvido bluetooth dormir macio elástico confortável música sem fio,"R$60,77",111 vendido(s),5,Frete grátis,Factory Digital Outlet Store,fone+de+ouvido+bluetooth
79,Lemfo tws jogos fones de ouvido sem fio 9d estéreo surround som qualidade bluetooth fones com microfone,"R$50,16",13 vendido(s),5,Frete grátis,LEMFO Global Audio Store,fone+de+ouvido+bluetooth
80,Sem fio bluetooth 5.0 fones de ouvido esportes magnéticos correndo fone ipx5 à prova dwireless água esporte redução ruído para ios,R$5,1950 vendido(s),4.6,"+ envio: R$ 24,16",Computercable4u,fone+de+ouvido+bluetooth
81,Rusam bl31 tws fones de ouvido bluetooth sem fio jogo controle toque inteligente fones cancelamento ruído ativo esporte,"R$59,41",9045 vendido(s),4.8,Frete grátis,RUSAM Official Store,fone+de+ouvido+bluetooth
82,Tws fones de ouvido sem fio bluetooth fones de ouvido alta fidelidade xbs baixo estéreo com microfone toque de carregamento para jogos esportivos telefone,"R$54,84",9119 vendido(s),4.5,Frete grátis,HYGMOCC Earphone Store,fone+de+ouvido+bluetooth
83,Xiaomi 2022 novos fones de ouvido bluetooth hd microfone estéreo sem fio de negócios fone de ouvido redução ruído compatível com samsung,"R$79,22",1723 vendido(s),4.4,Frete grátis,OUIO Global Zone Store,fone+de+ouvido+bluetooth
84,Bluetooth 5.0 verdadeiro fones de ouvido sem fio com caixa de carregamento à prova dwaterproof água controle volume mini tws handsfree para esportes,"R$126,79",2299 vendido(s),4.8,Frete grátis,GENAI Official Store,fone+de+ouvido+bluetooth
85,A6lite tws fones de ouvido sem fio bluetooth à prova dwaterproof água esporte fone redução ruído com microfone para smartphones,"R$5,01",675 vendido(s),4.8,"+ envio: R$ 28,56",Shop1100139440 Store,fone+de+ouvido+bluetooth
86,"Xiaomi redmi buds 3 fones de ouvido bluetooth, auscultadores sem fio com destreza semi in-ear, fones de ouvido de redução de ruído de chamada dupla microfone","R$54,68",90 vendido(s),4.9,Frete grátis,Xiaomi Original Earphones Official Store,fone+de+ouvido+bluetooth
87,Xiaomi 2022 novo verdadeiro sem fio fone de ouvido com cancelamento de ruído fone de ouvido bluetooth hd negócios fone de ouvido estéreo in-ear handsfree fones,"R$70,4",6 vendido(s),0,Frete grátis,YB Integrity Store,fone+de+ouvido+bluetooth
88,Novo tws fones de ouvido sem fio bluetooth fone com controle toque 9d estéreo microfone esportes bluetooth 5.0,"R$61,32",81 vendido(s),5,Frete grátis,Shop1102110853 Store,fone+de+ouvido+bluetooth
89,Pro4 fones de ouvido sem fio bluetooth fones à prova dwaterproof água esportes tampões estéreo tws para xiaomi oppo samsung mini fone,"R$37,43",2596 vendido(s),4.3,"+ envio: R$ 28,56",yi yuan Store Store,fone+de+ouvido+bluetooth
90,100% original jbl tune 710bt t710bt música sem fio bluetooth fones de ouvido baixo puro redução ruído jogos esportes fone de ouvido,"R$142,38",458 vendido(s),3.5,Frete grátis,KASSW Digital Store,fone+de+ouvido+bluetooth
91,Tws bluetooth fone de ouvido 5.0 sem fio fone 9d estéreo esportes à prova dwaterproof água earhook fones com 2200mah caixa carregamento,"R$29,98",14 vendido(s),5,Frete grátis,LY Store Store,fone+de+ouvido+bluetooth
92,Novo pro 4 tws fone fones de ouvido sem fio bluetooth esporte com microfone para apple iphone xiaomi pro4 airbuds,"R$25,73",113 vendido(s),4.8,"+ envio: R$ 20,67",qeedns Bee-Boss Store,fone+de+ouvido+bluetooth
93,Xiaomi TWS E6S Bluetooth Earphones Wireless Earbuds For Xiaomi Redmi Noise Cancelling Sports Headsets With Microphone Headphones,"R$68,66",0,0,"+ envio: R$ 26,22",Xiaomi Smart Watch 5 Store,fone+de+ouvido+bluetooth
94,Original lenovo tw16 gancho da orelha fones de ouvido bluetooth handsfree fone sem fio ipx5 à prova dheadset água com micphone,"R$51,14",272 vendido(s),4.4,Frete grátis,Mobile Phone Online Store,fone+de+ouvido+bluetooth
95,3.5mm in-ear com fio fones de ouvido baixo estéreo esportes fone de ouvido com caixa mãos livres música fone de ouvido com microfone para iphone samsung mobile pc,"R$29,97",153 vendido(s),4.9,Frete grátis,ZIXETECH Direct Store,fone+de+ouvido+bluetooth
96,Original xiaomi mi versão juventude fone de ouvido bluetooth mãos livres bluetooth 5.0 sem fio com microfone novo para telefones celulares,"R$67,35",592 vendido(s),4.7,Frete grátis,XIAOMI Globa-Online Store,fone+de+ouvido+bluetooth
97,Condução óssea fones de ouvido bluetooth hands-free sem fio fones de ouvido esporte earhook aberto para trás fone de ouvido aparelhos auditivos com microfone,"R$20,08",85 vendido(s),4.8,"+ envio: R$ 33,02",Zhuoke Electronic Technology Store,fone+de+ouvido+bluetooth
98,"Mpow-fones de ouvido s10 pro, sem fio, bluetooth 5.0, esportivo, com microfone, ipx7, magnético, à prova d'água, para corrida, academia e trabalho, 14h","R$135,96",282 vendido(s),4.6,Frete grátis,MPOW Official Store,fone+de+ouvido+bluetooth
99,"Fones de ouvido tws anc bluetooth fones de ouvido, controle de toque sem fio fone de ouvido com microfones esporte à prova dpk água pk lp40 pro","R$209,11",32 vendido(s),5,Frete grátis,Shop1102187104 Store,fone+de+ouvido+bluetooth
100,Condução óssea fone de ouvido à prova dwaterproof água sem fio bluetooth estéreo com 8g ram ipx8 esportes natação fones para xiaomi,"R$261,31",55 vendido(s),4.8,Frete grátis,ddj Official Store,fone+de+ouvido+bluetooth
101,F9 tws fones de ouvido sem fio bluetooth fone com cancelamento ruído à prova dwaterproof água música esportes para huawei iphone xiaomi 4000mah,"R$66,81",29 vendido(s),5,"+ envio: R$ 4,46",Daily Electronic Grocery Store,fone+de+ouvido+bluetooth
102,Ar original pro 6 tws fones de ouvido sem fio bluetooth fone fone bluetooth esportes com microfone para iphone xiaomi,"R$19,97",235 vendido(s),4.7,Frete grátis,Top Headphones Store,fone+de+ouvido+bluetooth
103,Condução óssea real fones de ouvido bluetooth 5.3 sem fio à prova dwireless água esportes fone com microfone para exercícios de condução,"R$119,53",3282 vendido(s),4.7,Frete grátis,puredemo Official Store,fone+de+ouvido+bluetooth
104,Pro6 tws fone de ouvido sem fio com microfone bluetooth fones esporte correndo pro6 estéreo fone para apple iphone xiaomi,"R$5,01",436 vendido(s),4.8,"+ envio: R$ 25,73",Arvin SAPLING Store,fone+de+ouvido+bluetooth
105,Original jbl onda 300tws verdadeiro sem fio bluetooth fones de ouvido estéreo música jogos esportes earbud baixo som fone com microfone,"R$134,33",50 vendido(s),5,Frete grátis,Global Brand Headphone Store Store,fone+de+ouvido+bluetooth
106,Ar pro 4 tws renomear bluetooth 5.0 mini fones de ouvido sem fio com caso de carregamento esportes handsfree fone para telefones inteligentes,"R$27,26",717 vendido(s),4.2,"+ envio: R$ 18,33",EDS EIDESS WoSD flagship store Store,fone+de+ouvido+bluetooth
107,Lenovo lp2 wirless bluetooth 5.0 fones de ouvido estéreo baixo controle toque esportes sem fio à prova dheadset água fone com microfone,"R$86,23",231 vendido(s),4.6,Frete grátis,MR_Global Store,fone+de+ouvido+bluetooth
108,F9 fone de ouvido sem fio bluetooth fones à prova dwaterproof água esporte fones para huawei iphone xiaomi tws música F9-5C,"R$29,99",2023 vendido(s),4.6,"+ envio: R$ 14,42",LEEDOAR Store,fone+de+ouvido+bluetooth
109,100% original jbl onda 300tws verdadeiro sem fio bluetooth fones de ouvido estéreo música jogos esportes earbud baixo som fone de ouvido com microfone,"R$143,41",380 vendido(s),4.6,Frete grátis,Global originals phone accessories Store,fone+de+ouvido+bluetooth
110,Novo e7s tws fone de ouvido bluetooth sem fio fones para xiaomi cancelamento ruído com microfone esportes à prova dheadset água,"R$23,72",5 vendido(s),0,"+ envio: R$ 20,02",Shop911531059 Store,fone+de+ouvido+bluetooth
111,Tws bluetooth fones de ouvido estéreo de alta fidelidade 5.0 sem fio earphonesin-ear handsfree fones de ouvido com caixa de carregamento para smartphone,"R$10,01",3356 vendido(s),4.5,"+ envio: R$ 20,02",Nice headphones Store,fone+de+ouvido+bluetooth
112,"Dacom-fones de ouvido sem fio, esportivo, com bluetooth, à prova d'água, ipx7, 20h para corrida, aac","R$108,76",755 vendido(s),4.8,Frete grátis,DACOM Official Store,fone+de+ouvido+bluetooth
113,Fone de ouvido sem fio bluetooth fones dobrável fone de ouvido com microfone mp3 player para iphone samsung xiaomi telefone para crianças do miúdo,"R$67,14",775 vendido(s),4.6,Frete grátis,Green Digital Global Store,fone+de+ouvido+bluetooth
114,Tws fones de ouvido sem fio mini vagens ar pro 4 fone controle toque à prova dwaterproof água esportes suporte bluetooth para iphone android,"R$19,96",321 vendido(s),4.5,"+ envio: R$ 27,48",Foxlinn Global Store,fone+de+ouvido+bluetooth
115,"Baseus e9 tws bluetooth 5.3 fones de ouvido sem fio enc fones de ouvido, 4-mic chamada hd, 30 horas de vida útil da bateria, carregamento sem fio","R$295,64",656 vendido(s),4.7,Frete grátis,BASEUS Official Store,fone+de+ouvido+bluetooth
116,2022 nova g28 original tws sem fio bluetooth fones de ouvido estéreo dupla redução ruído baixo controle toque fone ouvido,"R$68,99",143 vendido(s),4.4,Frete grátis,FANGTUOSI factory Store,fone+de+ouvido+bluetooth
117,Disney f9 fones de ouvido sem fio fones de ouvido bluetooth 5.2 chamada hd com microfone fone de ouvido estéreo de alta fidelidade in-ear,"R$85,9",90 vendido(s),4.8,Frete grátis,Disney Topsounds Store,fone+de+ouvido+bluetooth
118,Olaf y50 bluetooth fone de ouvido esportes ao ar livre sem fio fone toque com armazém carregamento estéreo bluetooth 5.0,"R$24,32",22 vendido(s),4.1,"+ envio: R$ 22,69",Olaf official 3C Store,fone+de+ouvido+bluetooth
119,Neckband magnético fones de ouvido sem fio bluetooth 5.2 fones display led 800mah bateria alta fidelidade fone esporte ruído cancelar,"R$5,01",96 vendido(s),5,"+ envio: R$ 26,28","Kasa Co., Ltd. Store Store",fone+de+ouvido+bluetooth
120,Disco rígido 120 do estado sólido 128gb 240gb de goldenfir ssd 256gb 360gb sataiii 512gb hd 1tb 2.5 gb para o portátil,"R$60,14",24082 vendido(s),4.9,Frete grátis,Computer&SSD Storage_Factory Store,ssd
121,Disco de disco rígido 128gb 256gb 360gb 480gb 2.5 ssd 180gb 1tb disco de disco de estado sólido para o desktop do portátil 240gb 120gb,"R$99,67",59629 vendido(s),4.9,Frete grátis,Goldenfir Official Store,ssd
122,"Xraydisk sata3 ssd 60gb 128gb 240gb 120gb 256gb 480gb 500gb 1tb hdd 2.5 disco rígido 2.5 ""unidade de estado sólido interno","R$301,74",36611 vendido(s),4.9,Frete grátis,Xraydisk Official Store,ssd
123,"Disco rígido interno KingSpec com Disco SSD HDD 2,5 HDD SSD 120GB 240GB SSD 1TB 500GB HDD SATA para computador e laptop, disco rígido SSD","R$189,45",31564 vendido(s),4.9,Frete grátis,KingSpec Official Store,ssd
124,"XrayDisk Sata3 60GB Ssd Disco Rígido de 120GB 240GB 128GB 256GB 480GB 512GB 2.5 ""Hdd Interno Solid State Drive Para Desktop PC Laptop","R$95,43",11189 vendido(s),4.9,Frete grátis,Xraydisk Factory Store,ssd
125,WALRAM SSD de 120 gb 240 gb 128gb 256gb 512gb 1TB 3 60GB HDD 2.5 Sata Solid State Drive de Disco Rígido para o Portátil Do Desktop 120 gb 240 gb,"R$57,62",262 vendido(s),4.8,Frete grátis,WALRAM Official Store,ssd
126,Walram ssd hard disk hdd 2.5 sata3 ssd 240 gb 120 gb ssd 500gb 480gb sata 3 512gb ssd 1 tb disco rígido de estado sólido interno para computador portátil área de trabalho 120gb hd pc,"R$88,03",3559 vendido(s),4.8,Frete grátis,WALRAM Official Store,ssd
127,Weijinto ssd 120gb 240gb 128gb 256gb 512gb 480gb 960gb 360gb 2.5 polegadas 500gb 720gb 960gb 1tb interno estado sólido desktop portátil,"R$61,32",10812 vendido(s),4.9,Frete grátis,WEIJINTO Store,ssd
128,Ssd 240 gb 120 gb 960gb 480gb disco rígido sata 2.5 ssd 120 gb 1tb 960gb 480gb disco de estado sólido para desktop ssd 240 gb 120 gb,"R$57,24",1300 vendido(s),4.7,Frete grátis,JinyJaier Official Store,ssd
129,Ssd 240gb 120gb 480gb 1tb ssd 2.5 disco rígido disco de estado sólido óptico ssd interno de 2.5 polegadas,"R$67,46",1660 vendido(s),4.8,Frete grátis,kunup Official Store,ssd
130,Kingspec m.2 ssd 120gb 256gb 512gb 1tb ssd 2tb disco rígido m2 ssd m.2 nvme pcie ssd disco rígido interno para desktop portátil msi,"R$143,63",21393 vendido(s),4.9,Frete grátis,KingSpec Official Store,ssd
131,Fanxiang ssd120gb 240gb 480gb 1tb 2.5 Polegada ssd 512gb sata iii disco rígido interno de estado sólido hdd ssd para computador portátil desktop,"R$56,86",4251 vendido(s),4.9,Frete grátis,FANXIANG Official Store,ssd
132,"Zomy 2.5 ''espessura b chave m.2 ngff para sata 3.0 ssd, cartão de laptop para 2.5"" sata, adaptador de conversor para 2242/2260/2280","R$25,57",1 vendido(s),0,Frete grátis,ZOMY Store,ssd
133,"Pen drive ssd s11 lite 256gb 512gb 1tb m2, protocolo nvme pcie gen3x4 m.2 2280 unidade de estado sólido","R$265,83",22 vendido(s),5,Frete grátis,HUOLIC Factory Store,ssd
134,Xraydisk m2 nvme ssd 128gb 256gb 512gb disco rígido m.2 2280 pcie unidade de estado sólido interno para portátil & desktop,"R$130,08",1647 vendido(s),4.8,Frete grátis,Xraydisk Factory Store,ssd
135,Disco rígido por atacado ssd sata 2.5 ssd 5 pces 120gb 128gb 240gb 256gb 480gb 512gb disco de estado sólido para desktop portátil,"R$263,22",136 vendido(s),4.9,Frete grátis,Factory Wholesale SSD Store,ssd
136,2.5 Polegada ssd quente portátil sata iii 1tb ssd disco rígido para computador portátil microcomputador desktop interno disco rígido de estado sólido ander,"R$171,27",18 vendido(s),0,"+ envio: R$ 49,13",Booming Xiaomi 3C-SSD Store,ssd
137,Ssd 120gb 240 gb 480gb sata de kingston digital a400 3 2.5 polegadas disco rígido interno hdd disco rígido hd ssd 240 gb computador portátil,"R$187,43",1054 vendido(s),4.8,Frete grátis,Kingston Official Store,ssd
138,Netac SSD disco rígido 1 tb 2 tb ssd 240 gb 256 gb 512 gb 480 gb 120 gb 128 gb hd interno unidade de estado sólido para laptop desktop disco rígido,"R$77,37",168 vendido(s),5,Frete grátis,Netac Direct Store,ssd
139,Disco rígido interno 120gb 240gb da movimentação de estado sólido de sata3 iii para o desktop do portátil ssd de weijinto 60gb 128gb 256gb 2.5 polegadas,"R$90,29",801 vendido(s),4.8,Frete grátis,WEIJINTO SSD Factory Store,ssd
140,Adata sp580 ssd sata 120gb 240gb 480gb 2.5 Polegada sata 3 disco rígido interno de estado sólido hdd hd ssd para computador portátil portátil,"R$154,18",194 vendido(s),5,Frete grátis,SanDiskSamSung StorageA Store,ssd
141,Xiaomi ssd disco rígido externo hdd portátil 2tb 4tb 8tb hd externo discos rígidos usb3.0 armazenamento decives para computadores 2022 novo,"R$48,37",32 vendido(s),0,"+ envio: R$ 49,13",Booming Xiaomi 3C-SSD Store,ssd
142,Kingspec m2 ssd nvme 256gb 512gb 1tb 128gb m.2 2280 pcie ssd unidade de estado sólido interno para desktop portátil ssd drive,"R$243,3",4619 vendido(s),4.9,Frete grátis,KingSpec Factory Store,ssd
143,Disco rígido ssd de jinyjaier 240 gb ssd 1 tb sata 2.5 disco rígido 120gb unidade de estado sólido para portátil ssd drive 240 gb 120gb 480gb 960gb,"R$57,24",321 vendido(s),4.9,Frete grátis,JinyJaier Official Store,ssd
144,Weijinto 128gb ssd sataiii 2.5 Polegada hdd 256gb sata3 360gb disco rígido 240gb/1tb ssd para o disco rígido interno do estado sólido do portátil,"R$96,3",3688 vendido(s),4.8,Frete grátis,WEIJINTO Store,ssd
145,Kunup ssd 128gb 240gb 120gb 256gb 512gb 1tb 2.5 sata 3 disco rígido de estado sólido para o desktop do portátil,"R$68,17",1609 vendido(s),4.9,Frete grátis,kunup Official Store,ssd
146,Kingspec ssd128g 256g hdd 120gb 240g disco 480g 960g ssd sata3 disco rígido de estado sólido interno para o desktop do portátil sata disco,"R$74,81",3056 vendido(s),4.8,Frete grátis,KingSpec Official Store,ssd
147,Kingspec m2 ssd pcie 128g m.2 ssd 256gb ssd 2280mm 512gb nvme m.2 ssd m chave 1tb hdd unidade interna para desktop portátil huanan x79,"R$143,85",2623 vendido(s),4.8,Frete grátis,KingSpec Global Store,ssd
148,Original de alta velocidade ssd disco rígido externo ssd 8tb 4tb 2tb 1tb TYPE-C unidades de estado sólido externo móvel para laptops desktop,"R$92,6",68 vendido(s),3,Frete grátis,v099v Store,ssd
149,"Walram 120gb ssd sataiii 2.5 ""240gb 128gb 256gb 480gb 512gb 1tb disco rígido de estado sólido interno para o computador portátil do desktop","R$57,24",75 vendido(s),5,Frete grátis,WALRAM DDRGlobal Store,ssd
150,Fanxiang ssd 120gb 240gb 480gb 2.5 Polegada ssd128gb 1tb sata iii disco rígido interno de estado sólido hdd ssd para computador portátil desktop,"R$56,86",871 vendido(s),4.9,Frete grátis,FANXIANG Official Store,ssd
151,10pcs walram ssd 512gb ssd 2.5 sata3 ssd 1tb 500gb 256gb 128gb 120gb disco rígido de estado sólido interno para o portátil hdd ssd,"R$608,04",129 vendido(s),5,Frete grátis,WALRAM Official Store,ssd
152,Kingdian ssd 120gb 128gb sata 3 2.5 Polegada interno unidade de estado sólido hd hdd para desktop computador portátil servidor (S280-120GB),"R$152,01",383 vendido(s),4.8,Frete grátis,KingDian SSD,ssd
153,KingFast SSD Drive 1 TB 120 GB 240 GB 128GB 256GB 480GB 512GB 1 2TB TB Disco Rígido Interno SATA SSD Disco Rígido para Computador Portátil,"R$73,24",676 vendido(s),4.8,Frete grátis,KingFast Official Store,ssd
154,Fanxiang msata ssd128gb 256gb 512gb 1tb disco rígido msata pcie ssd disco rígido interno para desktop portátil msi,"R$70,84",12 vendido(s),5,Frete grátis,FANXIANG Official Store,ssd
155,Disco rígido interno do ssd 120gb 240gb 256gb 512gb sata3 sata ssd disco rígido 2.5 de estado sólido para o computador portátil disco rígido,"R$74,87",1126 vendido(s),4.8,Frete grátis,KingSpec SSD Store,ssd
156,Recente listado unidade de estado sólido 60g 120g 240g 480g 960g 2tb computador portátil ssd de alta velocidade de 2.5 polegadas sata3 estado sólido,"R$72,09",1787 vendido(s),4.7,Frete grátis,mengxiangzhe Store,ssd
157,Kingchuxing ssd m.2 ngff sata 3 m2 240gb 120 2242 2280 1tb 128gb 256gb para computador portátil desktop disco rígido de estado sólido,"R$75,13",18 vendido(s),4.8,Frete grátis,Kingchuxing Official Store,ssd
158,Kingspec 2.5 sata3 128gb 256gb 512gb ssd disco hdd sata iii 120gb 240gb 480gb interno disco rígido de estado sólido para o computador portátil do desktop,"R$120,08",1166 vendido(s),4.9,Frete grátis,KingSpec Factory Store,ssd
159,Walram ssd 500gb 1tb 480gb 2.5 satsatsataiii ssd 512gb 2tb hd ssd disco rígido hdd unidades de estado sólido interno para computador portátil,"R$151,35",173 vendido(s),4.9,Frete grátis,WALRAM Factory Store,ssd
160,Sandisk extrema portátil ssd e60 1tb externo unidade de estado sólido usb 3.1 tipo-c de alta velocidade para o desktop do portátil,"R$636,66",3 vendido(s),0,Frete grátis,Bo Cheng Store,ssd
161,Disco rígido 120gb 128gb 240gb 256gb 256gb 480gb ssd 512gb ssd hdd discos rígidos 560 mb/s 1tb 2tb sata para o computador portátil do desktop,"R$78,89",6 vendido(s),5,Frete grátis,Netac Global Store,ssd
162,Kodak ssd sataiii 120gb 240gb 480gb 960g disco rígido de estado sólido interno para portátil 550 mb/s hdd 2.5 disco rígido,"R$124,37",8 vendido(s),0,Frete grátis,Global E-shopping U-disk Store,ssd
163,As movimentações internas do estado sólido interno de sandisk ssd 2 5 sata3 1tb 2tb hdd de alta velocidade do portátil 240gb 480gb ssd para o desktop,"R$213,65",0,0,Frete grátis,Intelligent Camera Store,ssd
164,Disco de disco rígido sata 240 discos de estado sólido internos sata ssd 120gb 480gb para o portátil jinyjaier ssd 2.5 gb 120gb ssd 1tb 240gb de disco rígido,"R$57,24",1008 vendido(s),4.7,Frete grátis,JinyJaier SSD Direct Store,ssd
165,Ssd sata 1tb disco rígido sata3 2.5 polegada ssd tlc 500 mb/s unidades de estado sólido interno para computador portátil e desktop,"R$221,11",25 vendido(s),5,Frete grátis,to quality life Store,ssd
166,Disco rígido interno do desktop do portátil do disco rígido do estado sólido de ssd 480gb 2.5 polegadas sata sataiii,"R$102,5",570 vendido(s),4.6,Frete grátis,mengxiangzhe Store,ssd
167,Kston msata ssd 128gb 256gb 512gb 1tb hdd para computador 3x5cm disco rígido de estado sólido interno para hp portátil,"R$72,85",98 vendido(s),4.9,Frete grátis,Kston KSTON SSD Official Store,ssd
168,"Ssd 60gb 120gb 240gb 480gb 960gb 2tb ssd é apropriado para computadores portáteis, computadores de secretária 2.5 sata 3.0","R$119,69",231 vendido(s),4.8,Frete grátis,mengxiangzhe Store,ssd
169,Unidades internas do estado sólido do disco de netac m2 ssd 256gb 512gb 1tb nvme ssd m2 2280 pcie hd para o portátil,"R$99,45",16 vendido(s),5,Frete grátis,Netac factory Store,ssd
170,Kingspec ssd 2.5 satsatsata3 256gb 64gb 128gb hdd 512gb 1tb 2tb ssd disco interno unidade de estado sólido hd para computador portátil,"R$119,81",6042 vendido(s),4.9,Frete grátis,KingSpec Factory Store,ssd
171,"WALRAM SSD de 120 GB 128GB 240 GB 480GB unidade de disco rígido 2.5 ""SATA3 1tb 60gb 512gb 256gb 500gb de DISCO RÍGIDO Solid State Drive de 120 GB 240 GB","R$100,6",306 vendido(s),5,Frete grátis,WALRAM SSD Factory Store,ssd
172,2022 novo portátil ssd disco rígido externo tipo-c usb 3.1 para desktop portátil ssd memória flash móvel unidade de estado sólido,"R$166,37",9 vendido(s),0,"+ envio: R$ 34,38",CB Digital World Store,ssd
173,"100% sandisk ssd mais 120gb 240gb 480gb sata iii 2.5 ""portátil notebook disco de estado sólido ssd disco rígido de estado sólido interno","R$201,47",26 vendido(s),5,Frete grátis,SanDisk-Global Store,ssd
174,SSD 240 gb 120gb JinyJaier SATA3 2.5 tb Disco Rígido SSD de 240 gb 1 Discos de Estado Sólido Interno Para PC ssd de 120gb 500gb 480gb 960gb,"R$98,58",705 vendido(s),4.6,Frete grátis,JinyJaier SSD Factory Store,ssd
175,SSD 240 gb SSD 1tb 512gb 256gb 128gb 480gb 120gb SSD SATA3 SATA Netac Unidade de Disco Rígido de Estado Sólido Interno para Laptop,"R$127,04",1269 vendido(s),4.9,Frete grátis,Netac SSD Store,ssd
176,Kingdian ssd 2.5 gb disk 120gb 240gb 480gb ssd 1tb ssd hdd sata disco rígido de estado sólido interno para o desktop do portátil,"R$219,04",1641 vendido(s),4.9,Frete grátis,KingDian SSD,ssd
177,Alta velocidade quente ssd móvel unidade de estado sólido 8tb 1tb dispositivo de armazenamento disco rígido portátil usb 3.1 discos rígidos móveis disco de estado sólido,"R$98,58",0,0,"+ envio: R$ 49,13",XIAOMI Monopoly 888 Store,ssd
178,Original kodak x100 2.5 polegada sata3 120gb ssd disco hdd sata iii 480gb metal interno estado sólido disco rígido para computador portátil,"R$162,95",953 vendido(s),4.9,"+ envio: R$ 10,28",Kodak Global Store,ssd
179,Discos de estado sólido internos do disco rígido do portátil 256 do disco rígido de weijinto 128gb 240gb 120gb 480gb 2.5 gb para o desktop,"R$66,54",90 vendido(s),4.8,Frete grátis,WEIJINTO Store,ssd
180,Frete grátis ssd 64g 240gb 120gb 128gb 256gb sata3 interno 2.5 polegada oem unidade de estado sólido branco,"R$101,85",146 vendido(s),4.9,Frete grátis,kunup Official Store,ssd
181,Ssd m2 nvme 256gb 128gb 512gb 1tb weijinto m.2 pcie unidade de estado sólido interno para o desktop do portátil,"R$138,74",716 vendido(s),4.7,Frete grátis,WEIJINTO Store,ssd
182,Sata3 ssd 120gb 240gb 480gb 960gb 60gb 2tb 2.5 polegadas built-in unidade de estado sólido,"R$65,72",752 vendido(s),4.8,Frete grátis,mengxiangzhe Store,ssd
183,Netac ssd 1 tb 240 gb ssd disco rígido sata 2tb disco rígido 512gb 256gb hdd hd 1 tb unidade de estado sólido interno para computador portátil,"R$76,82",6 vendido(s),0,Frete grátis,Netac Storage Store,ssd
184,Novo 8tb 4tb 2tb ssd externo 1tb 16tb móvel disco rígido de estado sólido usb 3.1 externo ssd typc-c m.2 disco rígido portátil ssd,"R$48,37",0,0,"+ envio: R$ 11,15",Super SSD Store,ssd
185,"Kingspec ssd 120 gb 240 gb 256 gb 128gb 480gb 512gb 960gb 1 tb 1 tb 500gb sata3 2.5 ""disco rígido hdd da movimentação de estado sólido para o portátil","R$189,12",2708 vendido(s),4.9,Frete grátis,KingSpec SSD Factory Store,ssd
186,Walram ssd 1tb 120gb 240 gb 480gb 2tb ssd hdd 2.5 drive drive ssd sata sataiii 512gb 256gb 128gb unidade de estado sólido interno para o portátil,"R$66,15",749 vendido(s),4.8,Frete grátis,WALRAM Factory Store,ssd
187,"Sandisk ssd mais disco rígido de estado sólido interno sata iii 2.5 ""120gb 240gb 480gb portátil notebook disco de estado sólido ssd 1tb","R$696,4",0,0,Frete grátis,SanDisk Global Online Store,ssd
188,Unidades internas do estado sólido do disco rígido de netac ssd 120gb 240gb 480gb 128gb 256gb 512gb 1tb ssd de 2tb sata 2.5 hdd hd para o computador portátil,"R$83,02",42 vendido(s),4.9,Frete grátis,Netac factory Store,ssd
189,Kston 1TB Disco Rígido ssd de 120GB 128GB 240GB 256GB 480GB 512GB HDD SSD SATA 3 de Estado Sólido Interno Para Laptop,"R$95,32",263 vendido(s),4.9,Frete grátis,Kston KSTON SSD Official Store,ssd
190,Kingdian 1tb 2.5 polegada sataiii 1000gb ssd hdd disco rígido de estado sólido interno para desktop computador portátil,"R$553,85",9 vendido(s),5,Frete grátis,KingDian official store,ssd
191,Notebook de estado sólido unidade ssd solid state drive sata3 120g 240g computador portátil desktop 2.5 polegada unidade de estado sólido 480g 960g,"R$65,72",816 vendido(s),4.8,Frete grátis,mengxiangzhe Store,ssd
192,WALRAM 50pcs Ssd 120GB 2.5 SATA3 SSD de 128GB 240GB 256GB 480GB 500GB 512GB HDD Unidade de Disco Rígido Interno para o desktop laptop,"R$7.215,49",0,0,Frete grátis,WALRAM SSD Factory Store,ssd
193,JinyJaier NVME M2 128gb 256gb 512gb ssd SSD NVME m2 240GB 500GB 120gb Interno SSD de 240gb Solid State Disk Para Laptop nvme M2 1tb,"R$81,61",27 vendido(s),4.8,Frete grátis,JinyJaier SSD Direct Store,ssd
194,"HD SSD Crucial BX500 240GB 2.5"" - (CT240BX500SSD1)",R$319,0,0,Frete grátis,Pedershop Store,ssd
195,Kingspec m.2 sata ssd 2242 240gb hdd m2 ngff sata 256gb 512gb ssd disco 1tb disco rígido de estado sólido hd para desktop computador portátil,"R$241,89",2 vendido(s),0,Frete grátis,SSD storage Store,ssd
196,Disco rígido externo hd ssd disco rígido móvel de alta velocidade 500gb 1tb 8tb 16tb 4tb m2 tipo c usb 3.1 vara pen drive à prova de choque,"R$149,73",95 vendido(s),4.1,Frete grátis,Chantower Car Accessories Store,ssd
197,Hikvision ssd disco de estado sólido 120gb 240gb 480gb 960gb 2.5 polegadas sata 3.0 550 mb/s max 3d nand para computador portátil mac interno ssd drive,"R$102,94",1117 vendido(s),4.7,Frete grátis,HIKVISION Storage Store,ssd
198,Kingston a400 interno unidade de estado 240gb 2.5 polegada sata iii ssd hdd disco rígido hd para computador,"R$168,99",5 vendido(s),5,"+ envio: R$ 8,15",Nanu Shop Store,ssd
199,"Kingspec sata3 ssd 60gb 128gb 240gb 120gb 256gb 480gb 500gb 1tb hdd 2.5 disco rígido 2.5 ""disco rígido de estado sólido interno","R$198,85",17 vendido(s),5,Frete grátis,CCC expert Store,ssd
200,Walram ssd 120 gb 240 gb 128gb 256gb 240 gb 512gb 120 gb 1tb 2tb hdd 2.5 sata sata sata 3 disco rígido de estado sólido para o desktop do portátil,"R$69,1",1597 vendido(s),4.8,Frete grátis,WALRAM Official Store,ssd
201,Ssd m.2 disco rígido externo TYPE-C de alta velocidade móvel disco rígido usb 3.1 unidade de estado sólido dispositivo de armazenamento original,"R$66,59",25 vendido(s),5,"+ envio: R$ 5,06",Grand Global Store,ssd
202,Ssd kingdian 120gb 240gb 480gb 1tb 2tb 128gb 256gb 512gb 2.5 Polegada disco rígido interno sata iii disco de estado sólido,"R$183,73",224 vendido(s),5,Frete grátis,KingDian SSD Store,ssd
203,Lexar SSD SATA de 128GB 256GB 512GB 1TB 2 3 TB Internal Solid State Disk HD unidade de Disco Rígido SATA de 2.5 240GB 480GB 960GB HDD para Notebook,"R$172,36",100 vendido(s),4.8,Frete grátis,SanDiskSamsung storage Store,ssd
204,"Ceamere 20 pces sata3 ssd 128gb 240gb 120gb 256gb 512gb 1tb hdd 2.5 disco rígido 2.5 ""unidade de estado sólido interno para computador portátil","R$987,63",7 vendido(s),0,Frete grátis,CM SSD Store,ssd
205,Kingston SSD interno SATA SATA 3.0 Gb/s 6 KC600 256GB 512GB 1024GB 1 2TB TB Suporte de Desktop Laptop PC Intel AMD CPU motherboard,"R$310,71",0,0,Frete grátis,SZCPU Store,ssd
206,256gb 512 1tb ssd para macbook air a1465 a1466 emc2631 2632 2925 macbook pro a1398 a1502 imac a1418 a1419 atualizar ssd capacidade,"R$418,76",324 vendido(s),4.8,Frete grátis,Hard Drive Expert Store,ssd
207,Kingspec ssd disco 44pin ide dom 16gb disco industrial no ide dom módulo de disco flash 44pin suporta ipc industrial rota macia,"R$116,37",4 vendido(s),0,Frete grátis,SSD Enterprise Store,ssd
208,Ssd sata 1tb disco rígido sata3 2.5 polegada ssd tlc 500 mb/s unidades de estado sólido interno para computador portátil e desktop,"R$221,11",7 vendido(s),0,Frete grátis,to quality life Store,ssd
209,Netac ssd m2 sata 120gb 240gb 480gb 960gb ngff ssd drive disco rígido de estado sólido interno para o portátil,"R$89,77",13 vendido(s),5,Frete grátis,Netac factory Store,ssd
210,Xishuo frete grátis msata ssd 128gb 256gb 512 1tb de unidade ssd interna para computador portátil e máquina pos,"R$52,88",8 vendido(s),5,Frete grátis,XISHUO Official Store,ssd
211,Disco de movimentação de estado sólido sata mini de msata sata3.0 60gb 120gb 240gb 480gb,"R$81,17",125 vendido(s),4.9,Frete grátis,Goldenfir Official Store,ssd
212,"Kingspec hdd 2.5 ""sata ssd 128gb 256gb 512gb 1tb 2 sataiii 120gb 240gb 480gb ssd disco rígido interno para o desktop do portátil","R$78,78",1596 vendido(s),4.8,Frete grátis,KingSpec SSD Factory Store,ssd
213,Ssd móvel unidade de estado sólido 30tb 12 dispositivo de armazenamento disco rígido computador portátil usb 3.0 discos rígidos móveis disco de estado sólido,"R$79,98",0,0,Frete grátis,f2022 Store,ssd
214,SSD HDD Unidade de 2.5 Disco Rígido SSD de 120GB 240GB 1TB 512GB 128GB 256GB HD SATA Interno Disco Rígido de Computador Portátil para WALRAM,"R$154,48",5 vendido(s),5,Frete grátis,WALRAM Factory Store,ssd
215,"Lexar-disco de armazenamento ssd sata iii, 2.5 polegadas, 512gb, 256gb, 128gb, disco de estado sólido interno para laptop e computador","R$135,58",7 vendido(s),5,Frete grátis,Storage Global Store,ssd
216,Original adata xpg gammix s11 pro ssd 512gb 1tb 2tb disco rígido de estado sólido interno pcle gen3x4 m.2 2280 para desktop portátil,"R$369,96",0,0,Frete grátis,Storage outlets Store,ssd
217,Disco de estado sólido interno do ssd 128gb 256gb 512gb 240gb ssd do m2 do nvme de jinyjaier m2 ssd 120gb 240gb 500gb 1tb,"R$81,61",12 vendido(s),4.7,Frete grátis,JinyJaier SSD Direct Store,ssd
218,Sandisk ssd mais 3d 240gb 120gb ssd sata 3 250gb 500gb disco rígido de estado sólido interno hd 2.5 1tb 2tb para computador portátil,"R$309,47",404 vendido(s),4.9,Frete grátis,SANDiSKsamsung Store,ssd
219,Ssd nvme pcie gen3.0x4 m.2 2242 disco rígido ssd on900b 512gb 1t 256gb para desktop portátil,"R$228,56",2 vendido(s),4.5,Frete grátis,Global Storage Store,ssd
220,Disco de estado sólido interno de jinyjaier ssd nvme m2 240gb 120gb 512gb nvme m.2 ssd 240gb 128gb para o portátil nvme m2 ssd 240gb 1tb,"R$81,61",393 vendido(s),4.8,Frete grátis,JinyJaier SSD Direct Store,ssd
221,Samsung 980 nvme m.2 ssd 250gb 500gb 1tb pcie 3.0x4 movimentação de estado sólido interna m.2 2280 v-nand armazenamento drive para computador portátil,"R$277,47",0,0,Frete grátis,Bo Cheng Store,ssd
222,Adata xpg gammix s11 lite ssd pcie gen3x4 m.2 2280 unidade de estado sólido 512gb 1tb 3d tlc nvme 1.3 hmb slc cache 3d nand para pc,"R$210,06",6 vendido(s),0,Frete grátis,Litte lillian Store,ssd
223,"Novo ssd de 128gb, 256gb, 512gb, 1tb para macbook air, 2012, a1465, a1466, md231, md232, md224, md224","R$221,21",110 vendido(s),4.8,Frete grátis,Hard Drive Expert Store,ssd
224,Original novo mlc 2.5 Polegada sataiii ssd 32gb 64gb 128gb 256gb 512gb unidade de estado sólido interno para computador portátil,"R$125,95",0,0,Frete grátis,Donemy SSD Store,ssd
225,SSD 1TB Hard drive disk sata3 2.5 inch ssd TLC 500MB/s internal Solid State Drives for laptop and desktop 2tb 500GB,"R$226,87",5 vendido(s),0,Frete grátis,N011 Store,ssd
226,Ceamere m2 20 pces sataiii 240g 256gb ssd 128gb ssd m.2 2280 ssd 500gb ssd disco rígido de estado sólido para desktop portátil,"R$1.590,72",1 vendido(s),5,Frete grátis,ShiMeiSSD Factory Store,ssd
227,Kingspec hdd 2.5 ssd 120gb 240gb 512gb ssd 1tb sata ssd disco rígido sata iii sata disco rígido interno ssd para desktop portátil,"R$74,81",706 vendido(s),4.9,Frete grátis,KingSpec SSD Store,ssd
228,2pcs ssd 120gb 240gb 256gb 512gb 480gb disco de estado sólido interno ssd disco rígido sata3 2.5 para computador portátil desktop logotipo personalizado livre,"R$84,44",1 vendido(s),0,"+ envio: R$ 43,36",China Storage factory Store,ssd
229,Unidade de estado sólido interna 250gb 500gb 1tb 2 ssd pcie gen3x4 m.2 2280 do ssd crucial p2 para discos rígidos internos do desktop do portátil,"R$297,66",1 vendido(s),0,Frete grátis,SSD official Store,ssd
230,"Disco rígido ssd sata3 128, 240gb 120gb 256gb 480gb 512gb 1tb, hd ssd interno, discos de estado sólido de 2.5 polegadas","R$70,46",461 vendido(s),4.9,Frete grátis,SomnAmbulist Store,ssd
231,Smitosp 10 pces m2 sataiii 240g 256gb ssd 128gb ssd m.2 2280 ssd 500gb ssd disco rígido de estado sólido para desktop portátil,"R$476,54",12 vendido(s),5,Frete grátis,SMITOSP SSD Store,ssd
232,4TB/2TB hd externo Mobile Hard Disk Type C USB3.1 Portable SSD Shockproof Aluminum Alloy Solid State Drive Transmission Speed,"R$138,74",1 vendido(s),0,Frete grátis,The feel You love Store,ssd
233,Kunup 120gb 240gb 128gb 256gb 360gb 480gb ssd 64g 32gb 16gb 500g disco de estado sólido para o desktop do portátil 1tb disco de disco rígido,"R$71,11",38 vendido(s),5,Frete grátis,kunup Official Store,ssd
234,Ssd 128gb 256gb 512gb 2.5 polegadas 1tb embutido em estado sólido portátil desktop,"R$197,77",4 vendido(s),5,Frete grátis,Boutique SSD Store,ssd
235,Kingchuxing ssd 1tb sata 3 120gb 240gb 480gb unidade de estado sólido interna 2.5 Polegada disco rígido hdd 256gb 1tb 2tb 512gb para o portátil,"R$60,39",23 vendido(s),5,Frete grátis,Kingchuxing Official Store,ssd
236,5 pçs/lote CeaMere 1TB SSD 120GB 60GB 240GB 480GB HDD 2.5 ''SATA SSD II HD256gb 128gb Drive de Estado Sólido Interno para Laptop,"R$316,75",4 vendido(s),0,"+ envio: R$ 53,15",CeaMere Elec Store,ssd
237,Lenovo ssd 1tb 240 gb 120 gb 128gb 256gb 480gb 500gb 512gb 1 tb 2tb hd ssd 2.5 Polegada sata 3 unidade de estado sólido para o desktop do portátil,"R$304,89",60 vendido(s),5,Frete grátis,Lenovo Official Storage Store,ssd
238,Ssd azul ocidental de digitas wd 250gb 500gb 1tb 2tb desktop 2.5 polegada sata iii hdd disco rígido hd pc unidade de estado sólido interno,"R$359,3",1 vendido(s),0,Frete grátis,Western Digital Global Online Store,ssd
239,"Ceamere-hd ssd, disco rígido de notebook, drive físico para instalação interna, capacidades de 120gb, 240gb, 480gb, 2.5 gb, 256gb, 64gb, 128gb","R$161,53",0,0,"+ envio: R$ 11,32",MIXZA Official Store,ssd
240,Baseus 100w 65 gan carregador de desktop portátil carregador rápido 4 em 1 adaptador para iphone 13 12 pro max telefone carregador xiaomi samsung,"R$245,43",4166 vendido(s),4.9,Frete grátis,BASEUS Official Store,carregador
241,Apple original 20w carregador rápido para apple iphone 13 12 11 pro max mini x xs xr airpods ipad usb c para tipo c adaptador telefone cabo de carga,"R$29,98",1264 vendido(s),4.9,Frete grátis,Shop910320303 Store,carregador
242,Carregador rápido inteligente do usb do indicador do diodo emissor de luz dos slots de pujimax 4 para a bateria recarregável do aa/aaa ni-mh/ni-cd,"R$29,97",3330 vendido(s),4.7,Frete grátis,PUJIMAX Official Store,carregador
243,48w carregador usb carga rápida qc 3.0 parede de carregamento para iphone 12 11 samsung xiaomi huawei móvel 4 portas ue eua plug adaptador viagem,"R$35,69",2 vendido(s),0,Frete grátis,lovebay Phone Accessories Store,carregador
244,Baseus cabo usb para iphone 13 12 11 pro max xs x 8 mais cabo 2.4a cabo de carregamento rápido para iphone carregador cabo usb linha de dados,"R$29,98",36736 vendido(s),4.9,Frete grátis,BASEUS Official Store,carregador
245,Original 20w USB-C adaptador de energia para o iphone 13 13mini pro max tipo c carregador rápido para o cabo da apple para o iphone 8 plus x xs 11 12,"R$97,88",4346 vendido(s),4.7,Frete grátis,Global AP-GO Store,carregador
246,Original xiaomi carregador 27w ue/eua adaptador de carga rápida tipo c cabo para mi 9 8 se 9t pro redmi nota 7 k20 pro,"R$56,69",7615 vendido(s),4.8,"+ envio: R$ 7,94",3C. Accessories Store,carregador
247,Carregador no carro usb c carregador de carro carga rápida 3.0 tipo c adaptador de telefone de carregamento rápido para iphone 13 pro max redmi huawei samsung,"R$29,97",71 vendido(s),4.9,Frete grátis,Boutique Charger & Cable Store,carregador
248,20w pd carregador para iphone usb carregadores para samsung telefone celular acessórios da ue eua reino unido portátil viagem telefone adaptador de carregamento,"R$25,46",55 vendido(s),4.4,Frete grátis,DREAM FISH Store,carregador
249,Anker carregador iphone Carregador usb para iphone 12 pro carregador rápido de 20w carregador de telefone cubo de powerport iii 20w para iphone 11 etc para huawei para xiaomi,"R$52,07",3452 vendido(s),4.9,Frete grátis,ANKER Officialflagship Store,carregador
250,Baseus usb tipo c carregador 20w portátil usb c carregador suporte tipo c pd carregamento rápido para iphone 13 12 pro max 11 mini 8 plus,"R$50,77",11224 vendido(s),4.9,Frete grátis,BASEUS Official Store,carregador
251,Original samsung s21 s22 5g 25w carregador de carga super rápida usb tipo c pd pps carregamento rápido ue para galaxy note 20 ultra 2m cabo,"R$29,98",6115 vendido(s),4.8,"+ envio: R$ 10,07",danna Accessories Store,carregador
252,Pd 100w usb c para usb tipo c cabo carregador rápido para xiaomi poco x3 m3 samsung macbook huawei cabo USB-C tipo-c cabo 3 m,"R$33,68",0,0,Frete grátis,LB Global Store,carregador
253,Essager 30w usb carregador de carro rápido charge4.0 qc pd 3.0 scp 5a usb tipo c carro carregamento rápido para iphone 12 13 huawei samsung xiaomi,"R$29,98",5308 vendido(s),4.9,Frete grátis,ESSAGER Official Store,carregador
254,Novo 30w rápido qi sem fio carregador almofada para o iphone 13 12 11 x pro max para samsung galaxy s21 s20 s10 s9 s8 xiaomi de carregamento sem fio,"R$20,73",4940 vendido(s),4.6,"+ envio: R$ 14,04",VIKEFON Manufacture Store,carregador
255,LiitoKala Lii-PD4 Lii-PD2 Lii-402 Lii202 Lii100 18650 Carregador Universal Carregador Inteligente para 26650 18650 21700 18500 AA AAA carregador de bateria,"R$121,82",2559 vendido(s),4.9,Frete grátis,Lianna Battery&Charger Store,carregador
256,20w pd usb c carga rápida 3.0 4.0 carregador usb para iphone 13 12 11 pro mini ipad xiaomi poco x3 x4 m4 pro 5g cabo de carregamento rápido,"R$29,98",1164 vendido(s),4.8,"+ envio: R$ 16,00",Shop1100091115 Store,carregador
257,Uslion 48w carregador usb carga rápida qc 3.0 parede de carregamento para iphone 12 11 samsung xiaomi móvel 4 portas ue eua plug adaptador viagem,"R$19,97",28135 vendido(s),4.6,Frete grátis,USLION Official Store,carregador
258,Essager 30w carga rápida 3.0 carregador usb qc3.0 qc carregador rápido multi tomada de parede carregador do telefone móvel para iphone samsung xiaomi mi,"R$29,97",415 vendido(s),4.9,Frete grátis,ESSAGER Official Store,carregador
259,Lupway 2 usb + pd carregador de carro qc 3.0 tipo-c carregador rápido do telefone móvel para o iphone 11 12 xiaomi samsung telefone carregador de carro adaptador,"R$39,06",1 vendido(s),0,Frete grátis,Lupway EM Store,carregador
260,Essager micro cabo usb 3a carregador de carregamento rápido cabo de fio microusb para samsung xiaomi redmi android cabo de dados do telefone móvel 3m,"R$5,01",2657 vendido(s),4.9,Frete grátis,ESSAGER Official Store,carregador
261,Pd carregador 20w carregador de carregamento rápido para iphone 12 pro max ipad airpods apple assista ue eua plug tipo c adaptador para xiaomi honra,"R$20,67",1128 vendido(s),4.9,"+ envio: R$ 26,60",PIKAQ Pro Store,carregador
262,48W 4 Carregador USB Carregador Rápido 5.1A Para iPhone 13 12 Xiaomi Huawei Samsung Celular Carregador USB Carregador Rápido Adaptador de Carregamento de Parede,"R$10,01",131 vendido(s),4.8,Frete grátis,Acgicea Official authorized store Store,carregador
263,20000mah mini banco de potência carregador portátil tela espelho led display digital powerbank bateria externa poverbank,"R$83,68",709 vendido(s),5,Frete grátis,OLOEY offices Store,carregador
264,65w gan carregador rápido 2 portas tipo-c/USB-A carregadores rápidos pd qc adaptador de carga de viagem para iphone 13 12 pro xiaomi huawei,"R$25,63",0,0,"+ envio: R$ 17,19",winbar Store,carregador
265,"Adaptador e conversor usb otg macho para tipo c fêmea, adaptador de cabo tipo c para nexus 5x6p oneplus 3 2","R$10,07",12886 vendido(s),4.8,Frete grátis,LMDAOO DZ Store,carregador
266,Para iphone 4 cabo 30 pinos carregador rápido usb para apple iphone 4 s ipad 2 3 cabe de carregamento toque peças porto cabo 1m 4se adaptador,"R$32,81",794 vendido(s),4.8,Frete grátis,Aliexpress High quality Store,carregador
267,Carga rápida 3.0 carregador usb 3a 18w para xiaomi huawei samsung parede adaptador do telefone móvel carregador de carregamento rápido 3 portas universal,"R$27,75",156 vendido(s),4.7,Frete grátis,Acgicea 3C Grobal store Store,carregador
268,Micro cabo usb 1m 2m 3m náilon trançado sincronização de dados cabo do carregador usb para samsung huawei xiaomi htc android telefone usb micro cabos,"R$10,01",1568 vendido(s),4.8,Frete grátis,Vumpach 3C Official Store,carregador
269,Voxlink 4 slot carregador de bateria para aaa/aa bateria recarregável proteção contra curto-circuito com indicador led ni-mh/ni-cd carregador,"R$29,98",3487 vendido(s),4.7,Frete grátis,VOXLINK official store,carregador
270,Samsung galaxy carregador rápido adaptador de energia usb 9v1.67a carga rápida tipo c linha de cabo para galaxy s10 s8 s9 s20 nota 10 20 mais,"R$5,01",2067 vendido(s),4.7,"+ envio: R$ 20,62",SuperMVP Store,carregador
271,Usb c cabo magnético carga rápida 3a micro usb tipo c 360 ímã carregador rápido para iphone samsung android cabo do telefone móvel,"R$33,02",716 vendido(s),4.6,Frete grátis,LMDAOO Store,carregador
272,Universal usb inteligente único slot carregador 18650 carregador de lítio lanterna brinquedo 26650 3.7v-4.2v iluminação power bank,"R$7,59",464 vendido(s),4.6,"+ envio: R$ 23,89",CCCJIA Store,carregador
273,Pd 20w carregador usb tipo c pd qc 4.0 3.0 adaptador de carregamento rápido USB-C cabo para apple iphone 13 12 11 pro max ipad xiaomi samsung,"R$29,97",1360 vendido(s),4.7,"+ envio: R$ 17,30",Shop3658053 Store,carregador
274,Cabo usb de 30 pinos para iphone 4S 4 3gs ipad 1 2 3 ipod nano itouch carregador cabo de carregamento rápido sincronização de dados adaptador cabo,"R$32,81",485 vendido(s),4.8,Frete grátis,Aliexpress High quality Store,carregador
275,Para relâmpago para 3.5mm 2 em 1 fone de ouvido adaptador de áudio para iphone 11 12 pro 7 8 plus x carregador cabo telefone aux dupla jack splitter,"R$7,67",769 vendido(s),4.6,"+ envio: R$ 26,60",WFYOWI Official Store,carregador
276,Huawei m-suporte de cabo de carregador de lápis cd52 cd54,"R$166,26",27 vendido(s),5,"+ envio: R$ 57,29",E-live Store,carregador
277,Tipo de carregamento rápido c cabo usb c líquido macio cabo de dados de silicone para huawei xiaomi 1/1.5/2m fio do carregador do telefone móvel USB-C,R$5,2599 vendido(s),4.8,"+ envio: R$ 22,25",HYH Accessories Store,carregador
278,Uslion 65w gan carregador tablet portátil carregador rápido tipo c pd carregador rápido coreano especificação plugues adaptador para iphone samsung,"R$30,09",1314 vendido(s),4.6,Frete grátis,USLION Official Store,carregador
279,Usb carregador de parede para samsung xiaomi porta dupla 2a saída viagem plug adaptador alimentação compatível para o telefone ue/eua plug,"R$10,01",4418 vendido(s),4.8,"+ envio: R$ 8,27",Zelina Store,carregador
280,4 em 1 suporte do carregador sem fio 30w qi estação doca de carregamento rápido para apple watch iwatch 7 airpods pro iphone 13 12 11 xs xr x 8,"R$114,58",41 vendido(s),4.3,"+ envio: R$ 8,92",Professional Health-Care Store,carregador
281,Original oneplus 6 traço carregador 5v/4a ue/eua/reino unido carregamento rápido 1/1.5m tipo c cabo adaptador de alimentação parede para um mais 6 6t 5t 5 3t 3,"R$49,78",326 vendido(s),4.6,"+ envio: R$ 13,49",GuangDong Tianhe Global Store,carregador
282,7a 100w usb tipo c cabo super-rápido para huawei companheiro 40 50 xiaomi 11 10 pro oppo r17 carregamento rápido USB-C cabo de dados do cabo do carregador,"R$22,31",5 vendido(s),0,Frete grátis,Honghu 5 Store,carregador
283,Ilepo 3 em 1 cabo de carregamento usb rápido universal multi função carregador do telefone celular cabo usbc fio do telefone móvel usb cabo do carregador,"R$10,5",16 vendido(s),0,"+ envio: R$ 27,58",ILEPO officialflagship Store,carregador
284,Cabo brilhante cabo de carregamento do telefone móvel cabos led luz micro usb tipo c carregador para samsung xiaomi iphone cabo de fio de carga,R$5,4558 vendido(s),4.7,"+ envio: R$ 26,11",Heemax Global Store,carregador
285,30w carregador sem fio almofada para iphone 13 12 11 pro max qi carregadores de indução rápida estação de carregamento para samsung s21 s20 s10 xiaomi,"R$20,02",435 vendido(s),4.5,"+ envio: R$ 14,04",VIKEFON Official Store,carregador
286,4 usb 45w carregador usb carga rápida qc 3.0 parede de carregamento para iphone 12 11 samsung xiaomi móvel 4 portas ue eua plug adaptador viagem,"R$20,13",2495 vendido(s),4.7,Frete grátis,Vumpach official Store,carregador
287,Essager magnético micro cabo usb para iphone 12 xiaomi mi carregamento rápido cabo de fio de dados ímã carregador usb tipo c 3m cabo do telefone,"R$10,01",3198 vendido(s),4.9,"+ envio: R$ 1,03",ESSAGER Official Store,carregador
288,Mcdodo 3m usb cabo de carregamento rápido carregador de telefone cabo de dados para iphone 13 12 mini 11 pro max xs xr x 8 7 6s 6 plus 5S se ipad ar,"R$20,02",7594 vendido(s),4.9,"+ envio: R$ 17,19",MCDODO Official Store,carregador
289,20 pçs/lote 1M 3ft Usb c Tipo C Cabo de Fio de Cabo de Telefone Micro Cabo do Carregador Android para Samsung Galaxy Huawei xiaomi usb extensão,"R$78,02",20 vendido(s),5,Frete grátis,TOP3CC Accessories Store,carregador
290,Hk liitokala 54.6v 2a carregador de bateria de lítio da bicicleta elétrica 54.6v 2a para 48v bateria de lítio 54.6v2a carregador,"R$54,79",18 vendido(s),5,Frete grátis,liitokala Factory Store,carregador
291,"Olnylo-cabo usb para recarga, recarga rápida de 90 graus, para celulares samsung s9, s8, note 9, 8, huawei p20 lite","R$5,28",956 vendido(s),4.8,"+ envio: R$ 23,78",IU Store,carregador
292,Samsung carregador usb carregador chargeur adaptador 15w carregador rápido ue eua para galaxy s10 + s10e a51 5g a32 a50 a60 guia s6 cabo usbc,"R$24,59",56 vendido(s),4.7,"+ envio: R$ 21,27",AliExpress TopBrand Store,carregador
293,"Motor elétrico inteligente, 42v, 2a, rodas de equilíbrio, auto balanceamento, scooter, hoverboard, bateria, carregador, plug eu, atacado","R$10,01",475 vendido(s),4.7,"+ envio: R$ 35,91",Charging for your Lives' Store,carregador
294,5 pçs cabo de carregamento rápido do carregador usb para o iphone 13 12 11 pro max xs x 8 7 6s mais se usb c cabo ipad pro pd cabo de fio,"R$10,01",607 vendido(s),4.7,"+ envio: R$ 24,70",Dane Store,carregador
295,Hk liitokala 54.6v 2a carregador de bateria 13s 48v li-ion saída dc 54.6v lítio polímero carregador de bateria,"R$55,33",823 vendido(s),4.9,Frete grátis,liitokala Factory Store,carregador
296,Us plug usb carregador de carga rápida 3.0 para adaptador de telefone para huawei companheiro 30 tablet portátil carregador de parede móvel carregador rápido,"R$27,8",316 vendido(s),4.7,Frete grátis,RO Smartwear Store,carregador
297,Baseus 3 em 1 usb tipo c cabo 100w cabo de dados de carregamento rápido para iphone 13 pro carregador de telefone para xiaomi samsung micro cabo usb,"R$83,62",170 vendido(s),4.9,Frete grátis,BASEUS Official Store,carregador
298,15v 5.4w 2-adaptador de alimentação da tomada da ue do carregador do dente para os barbeadores hq8505 hq6070 hq6075 hq6090 hq8500 hq6070 hq6073 hq6076,"R$37,59",176 vendido(s),4.7,Frete grátis,Top-Handicraft Dropshipping Store,carregador
299,84v 5a carregador de bateria de lítio 20s 72v li-ion bateria proteção inteligente AC110W-220W 50/60hz bicicleta elétrica motocicleta carregador,"R$152,83",6 vendido(s),0,Frete grátis,SMALL DEN Battery factory Store,carregador
300,Carregadores para xiaomi mi banda 3 4 2 para mi banda 4 carregador de substituição adaptador de carregamento usb fio para xiaomi miband 3 banda inteligente,"R$31,66",121 vendido(s),4.5,Frete grátis,LMDAOO DZ Store,carregador
301,48v 2a à prova de umidade carregador de bateria de lítio bicicleta elétrica scooter carregador de alimentação equilíbrio carro equipamentos de carregamento,"R$85,15",27 vendido(s),4.6,"+ envio: R$ 23,23",Be in control Store,carregador
302,Original Samsung Carregador Rápido 9v/1.67a adaptador de carga usb cabo c Galaxy s8 s9 s10 plus nota 10 9 8 a30s a20 a40 a50 a51 a70 a71,"R$11,1",3 vendido(s),0,"+ envio: R$ 29,22",Samsung China Store,carregador
303,"Cabo de carregador usb para samsung porcelana, cabo de carregamento usb para samsung varas e acessórios","R$4,68",375 vendido(s),4.6,"+ envio: R$ 25,68",Nostalgia shopping Store,carregador
304,Aplicável a Samsung Huawei Xiaomi iPhone universal Mini USB relâmpago C adaptador de carregador sem fio rápido Qi receptor de carregamento sem fio adaptador de carregamento sem fio,"R$19,96",3439 vendido(s),4.5,Frete grátis,xiaodan2 Store,carregador
305,Carregador USB PD Carregamento Rápido QC 3.0 Para iPhone 12 11 Pro Max Xiaomi Samsung UE EUA Reino Unido Plug Portátil Universal Carregador de Celular,"R$40,31",4 vendido(s),0,Frete grátis,Acgicea Officialflagship Store,carregador
306,3a 90 graus usb cabo de dados 0.3/1.2/1.8m 8 pinos inimigo iphone carregador kable silicone líquido cabo de carregamento rápido para iphone 13 12 11,"R$36,02",116 vendido(s),4.9,Frete grátis,Electronics Flagship Store,carregador
307,"Carregador samsung, carregamento super rápido, 45w, para samsung galaxy s20, s10, note 10 plus, s20, note 20, ultra, 5g, a91, a80, s20 +, note10 +","R$93,74",724 vendido(s),4.7,"+ envio: R$ 6,86",HotBrand Store,carregador
308,5a usb tipo c cabo com indicador led micro usb cabo de dados de carregamento rápido para samsung xiaomi huawei telefone celular carregador cabo,"R$33,24",9 vendido(s),0,Frete grátis,High-quality mobile phone accessories Store,carregador
309,20w carregamento rápido pd usb c carregador para apple iphone 13 12 11 pro max 14 se3 8 7 xs ipad adaptador de alimentação eua ue plug pd tipo c porto,"R$36,89",12 vendido(s),0,"+ envio: R$ 18,61","HK Billy Technology Co.,Ltd",carregador
310,Oneplus carregador 30w origianl warp carregador adaptador de energia da ue eua 1m 1.5m 2m 6a usb tipo c cabo para oneplus 8 pro 7 7t pro,"R$70,24",229 vendido(s),4.6,"+ envio: R$ 7,94",3C. Accessories Store,carregador
311,Huawei original carregador rápido 40w supercharge tipo c cabo para huawei p30 p40 p10 p20 pro lite companheiro 9 10 pro companheiro 20 v20,"R$55,11",1562 vendido(s),4.6,"+ envio: R$ 15,72",CN TECH Store,carregador
312,Lovebay rosa tipo c cabo micro cabos de dados android 3a usb carregador fio carregamento rápido para iphone 13 xiaomi 12 11 samsung huawei,"R$27,86",55 vendido(s),5,"+ envio: R$ 17,19",Lovebay Store,carregador
313,Original huawei supercharge carregador rápido 40w 10v 4a ue adaptador 5a tipo c cabo para p20 pro p30 p40 lite companheiro 10 companheiro 20 30 pro,"R$54,57",153 vendido(s),4.8,"+ envio: R$ 2,88",Shop910321044 Store,carregador
314,Usb tipo c cabo de carregamento rápido cabos de braide de náilon para samsung galaxy s9 mais xiaomi mi9 huawei carregador de telefone móvel usb c cabo,"R$25,52",578 vendido(s),4.7,"+ envio: R$ 2,07",Store Deals Store,carregador
315,90 graus cabo usb para iphone 13 12 11 pro max x xr xs 8 7 6s 5S carregador de carregamento rápido silicone líquido cabo dados 0.3/1.2/1.8m,"R$19,97",4103 vendido(s),4.8,Frete grátis,llano3C Store,carregador
316,Voltme gan iii 30w usb c carregador de carga rápida iphone 13/13 mini/pro/pro max/12 galaxy nota ipad pro macbook pd 30w carregador de telefone,"R$117,08",0,0,Frete grátis,VOLTME Official Store,carregador
317,Novo 20w pd para iphone 13 12 USB-C c2l cabo adaptador de alimentação carregador reino unido/eua/ue plugue do telefone inteligente carregador rápido para samsung s10 c2c,"R$5,01",2710 vendido(s),4.7,"+ envio: R$ 17,19",winbar Store,carregador
318,Cabo do carregador usb sincronizar cabos de dados para apple iphone 13 12 11 xs max xr x 8 mais 7 6s ipad ar mini ipod cabo de carregamento,"R$5,01",503 vendido(s),4.8,"+ envio: R$ 22,63",Shop1396541 Store,carregador
319,"Cabo micro usb de carregamento rápido 3a, cabo microusb/5a tipo c para celulares huawei p40 xiaomi redmi e android","R$5,44",370 vendido(s),4.8,"+ envio: R$ 24,70",A phone accessories Store,carregador
320,Carregamento rápido 20w USB-C tipo-c cabo carregador adaptador tomada de parede para iphone 13 12 11 pro max honra magic3 2 pro x 50 40 30 20 10,"R$5,01",2666 vendido(s),4.7,"+ envio: R$ 26,60",PIKAQ Store,carregador
321,60w almofada do carregador sem fio para o iphone 13 12 11 pro max rápido carregamento sem fio docking station para samsung xiaomi telefone qi carregadores,"R$31,56",53 vendido(s),0,"+ envio: R$ 14,04",VIKEFON Manufacture Store,carregador
322,"Chaveiro de carregamento rápido, chaveiro usb tipo c para iphone 7 x samsung s8 carregador usbc tipo-c cabo para chaves cabo curto micro usb","R$10,77",263 vendido(s),4.7,"+ envio: R$ 24,70",Shop5620275 Store,carregador
323,Usb tipo c cabo para iphone 11 12 13 pro max mini xs xr x 8 ipad macbook pd 20w carregador de carga rápida relâmpago cabo de fio,"R$23,45",7236 vendido(s),4.8,"+ envio: R$ 8,49",ESSAGER Direct Store,carregador
324,Baseus cabo usb para iphone 12 11 pro max 8 x xr carga rápida para iphone cabo de sincronização de dados usb cabo de telefone carregador cabo de fio,"R$29,98",2851 vendido(s),4.9,Frete grátis,"BASEUS Co.,Ltd. Store",carregador
325,5v 3.1a 100-220v 3usb display digital de carregamento rápido usb telefone inteligente carregador rápido plug 3.0 sobre-carga proteção é para xiaomi,"R$33,95",4 vendido(s),0,"+ envio: R$ 12,19",Sense V Store,carregador
326,Essager micro cabo usb carregador rápido cabo de dados fio para xiaomi mi redmi realme 12 11 10 huawei samsung cabo de carregamento do telefone,"R$9,96",1592 vendido(s),4.9,"+ envio: R$ 2,18",ESSAGER Flagship Store,carregador
327,3 em 1 cabo usb para o telefone móvel micro usb tipo c 8 pinos carregador cabo para iphone 13 12 xs cabo de carregamento micro usb carregador cabo,"R$19,97",1246 vendido(s),4.9,Frete grátis,llano3C Store,carregador
328,Qgeem usb tipo c cabo para samsung nota 8 s8 xiaomi mi 90 graus telefone celular tipo c cabo de carregamento rápido cabo usb c carregador cabo,"R$5,01",422 vendido(s),4.9,"+ envio: R$ 25,08",QGeeM Official Store,carregador
329,"Carregador original cabo 3mm para relógio inteligente t100 plus, 4mm para smartwatch x8 max, usb 2 pinos carregador relógio de pulso carregador de energia de carregamento","R$9,9",32 vendido(s),5,"+ envio: R$ 27,58",Shop Watchband Store Store,carregador
330,Baseus 20w pd usb tipo c cabo para iphone 13 12 pro xs max carregador de carregamento rápido para macbook ipad pro tipo-c usbc cabo de fio de dados,"R$57,51",4691 vendido(s),4.9,Frete grátis,BASEUS Officialflagship Store,carregador
331,"Cabo micro usb, de silicone macio, para samsung, xiaomi, android, microusb, cabo para carregamento de telefones, micro usb, 1.8m/1.2m/0.25m","R$9,36",52 vendido(s),5,"+ envio: R$ 23,78",KE Phone Accessories Store,carregador
332,"Cabo carregador para barbeador elétrico, adaptador para xiaomi mijia","R$32,92",802 vendido(s),4.7,Frete grátis,Luck life Store,carregador
333,Pd 20w usb tipo c carregador de carga rápida 3.0 4.0 adaptador de carregador para iphone 13 12 11 pro mini samsung xiaomi cabo carregamento rápido,"R$29,98",250 vendido(s),4.5,"+ envio: R$ 16,00",Shop3658053 Store,carregador
334,5.1a 48w usb carregador rápido carga rápida 4.0 3.0 adaptador de parede universal para iphone 13 12 samsung xiaomi telefone móvel carregamento rápido,"R$10,01",455 vendido(s),4.6,"+ envio: R$ 23,78",LeBron-23 Store,carregador
335,Uslion pd 60w carregador rápido magnético cabo para iphone 13 pro max xiaomi 12 usb c para tipo c fio de carregamento de dados para macbook portátil,"R$19,96",1383 vendido(s),4.9,"+ envio: R$ 5,71",FenFen Store,carregador
336,25/100/150/200/300cm 3a micro usb sincronização de dados carregador rápido cabo de carregamento para samsung xiomi redmi huawei xbox um comprimidos,"R$3,48",116 vendido(s),4.7,"+ envio: R$ 23,67",Direct Sales Store,carregador
337,"Cabo carregador rápido com angulação de 90 graus, cabo micro usb e tipo c comprido com 1 m, 2 m, 3m para telefone celular samsung, huawei, xiaomi","R$13,98",584 vendido(s),4.8,"+ envio: R$ 22,90",Nohon Officialspecialty Store,carregador
338,1m/2m/3m náilon trançado micro cabo usb sincronização de dados cabo do carregador usb para samsung huawei xiaomi htc android telefone usb micro cabos,"R$4,68",102 vendido(s),4.8,"+ envio: R$ 21,60",3C Current Store,carregador
339,Pd carregador 20w carregamento rápido usb tipo c carregador para apple iphone 13 12 11 pro max mini x xs carga rápida 3.0 telefones celulares adaptador,"R$38,3",20 vendido(s),5,Frete grátis,Charger& Cable Store,carregador
340,30w carregador sem fio suporte almofada para iphone 13 12 11 pro x xs max xr 8 samsung s21 s20 qi estação doca de carregamento rápido suporte do telefone,"R$20,13",978 vendido(s),4.6,"+ envio: R$ 14,04",Focus On 3C Store,carregador
341,48w usb carregador de carro rápido adaptador de cabo estiramento para iphone13 12 11 pro max samsung galaxy note20 android tipo-c carregador de carro,"R$16,81",462 vendido(s),4.7,"+ envio: R$ 20,02",ONEKEY Store,carregador
342,Original samsung carregador adaptador de carregamento rápido 120cm usb 3.1 tipo-c cabo para galaxy s20 ultra s10 plus s10e s8 s9 + a31 a51 a50,"R$5,01",1805 vendido(s),4.6,"+ envio: R$ 29,54",dash charger cable Store,carregador
343,5a usb tipo c cabo 40w de carregamento rápido usb c cabo de dados carregador usb tipo c cabo para huawei samsung 0.3m/1m/1.5m,"R$31,61",32 vendido(s),4.7,Frete grátis,3C SmartWatch Factory Store,carregador
344,Cabo de dados líquido do usb do silicone 8pin para o carregador do iphone micro usb tipo-c 3a cabo de carregamento rápido para o iphone 13 12 11 xiaomi samsung,"R$35,47",124 vendido(s),4.9,Frete grátis,Electronics Flagship Store,carregador
345,30w carregador sem fio almofada para iphone 13 12 11 pro max x xs xr samsung galaxy note xiaomi telefone estação de carregamento rápido qi carregadores,"R$19,96",387 vendido(s),4.6,"+ envio: R$ 14,04",Focus On 3C Store,carregador
346,100w tipo c cabo pd super rápido carregador de carregamento fio cabo de dados transparente usb c carga para macbook xiaomi samsung,"R$24,05",21 vendido(s),5,"+ envio: R$ 23,50",PS Mask Online Store,carregador
347,Carregador li-poli do li-íon da entrada 100-240vac do carregador do lítio da saída 42v 2a de hk liitokala para 10 séries 36v,"R$50,16",86 vendido(s),5,Frete grátis,liitokala Factory Store,carregador
348,2.4a para iphone usb carregador rápido cabo para iphone 13 12 11 pro max xs xr x 5 5S 6s 7 8 mais 3a carregamento rápido usb cabo de dados,"R$32,21",647 vendido(s),4.9,Frete grátis,Global 3CFlagship Store,carregador
349,Pçs/lote USB Cabo do Carregador DA UE Para iPhone 5 13 12 11 XS Max XR X 8 7 6 6S Plus 5 5S SE 2020 Para iPad iPod Ue Ficha De Carregamento,"R$19,97",500 vendido(s),4.8,"+ envio: R$ 22,63",Shop1147370 Store,carregador
350,Preto Branco 0.25m 1m 1.5m 2A 3A 2m 3 3m Micro Cabo USB Para Samsung Android Carregamento Rápido Carregador USB Cabo de Fio de Cabo de Telefone Móvel,"R$5,01",32 vendido(s),5,"+ envio: R$ 23,67",Direct Sales Store,carregador
351,Usb carregador de cabo de dados para samsung galaxy tab 2 10.1 p5100 p7500 tablet qualidade acessórios cabo de carregamento em estoque,"R$14,42",417 vendido(s),4.5,"+ envio: R$ 17,90",Shop910693012 Store,carregador
352,Carga rápida 3.0 para o iphone samsung s10 s9 s8 carregador plugue de parede carregamento rápido para xiaomi mi huawei carregadores do telefone móvel adaptador,"R$25,52",34 vendido(s),4.9,"+ envio: R$ 17,68",Digital Central Store,carregador
353,"Olaf-cabo micro usb, 1m, 2m, 3m, carregamento rápido, sincronização de dados, para samsung, xiaomi, huawei, htc, lg, telefones celulares","R$10,88",390 vendido(s),4.9,"+ envio: R$ 24,27",Olaf's store,carregador
354,6a 66w usb tipo c cabo de cabo para huawei p30 p40 xiaomi mi 11 redmi cabo de carregamento rápido usb c tipo-c cabo de carregador,"R$8,38",118 vendido(s),5,"+ envio: R$ 24,44",HICUTE Official Store,carregador
355,Micro usb fêmea para mini usb adaptador masculino carregador conversor mini usb v3 para micro usb v8 adaptador para o telefone móvel android mp3,"R$2,61",218 vendido(s),5,"+ envio: R$ 24,70",UGODDAG Adapter Official Store,carregador
356,"Cabo USB de carregamento rápido PZOZ, para iPhone 4 4S 3GS 3G iPad 1 2 3 iPod Nano itouch 30, adaptador para carregador e sincronização de dados","R$10,88",719 vendido(s),4.9,"+ envio: R$ 22,85",PZOZ Official Store,carregador
357,65W GaN USB Fast Charger QC3.0 PD3.0 phone Power adapter 2 Port EU/UK/US plug Quick charge For Iphone 12 13 samsung s20 one plus,"R$59,08",16 vendido(s),0,Frete grátis,WSSHE Official Store,carregador
358,Para psp carregador 5v adaptador ac carregador de parede em casa cabo alimentação para sony psp playstation 1000 2000 3000 ue eua plug,"R$6,75",1184 vendido(s),4.8,"+ envio: R$ 33,51",JGaGa Store,carregador
359,Baseus 160w carregador de carro qc 5.0 carregamento rápido pps pd3.0 rápido usb tipo c telefone do carro carga para iphone 13 12 pro laptops comprimidos,"R$183,57",3661 vendido(s),4.9,Frete grátis,BASEUS Official Store,carregador
