,titulo,preco,vendidos,rating,frete,loja
0,Original xiaomi redmi airdots 2 fone de ouvido sem fio fones de ouvido estéreo fone de ouvido bluetooth com microfone airdots 2 fone de ouvido,"R$29,97",35021 vendido(s),4.5,Frete grátis,Shop911531059 Store
1,Original tws y60 fone de ouvido bluetooth sem fio fones música estéreo controle toque sem fio bluetooth,"R$20,62",1745 vendido(s),4.9,Frete grátis,Shop911531056 Store
2,Novo original lenovo lp40 tws fone de ouvido sem fio bluetooth 5.0 dupla estéreo redução ruído baixo controle toque longa espera 230mah,"R$66,97",70851 vendido(s),4.6,Frete grátis,Mobile Phone Online Store
3,I7s tws fones de ouvido sem fio bluetooth 5.0 fones esporte com microfone caixa carregamento para todos os smartphones,"R$10,01",3901 vendido(s),4.5,"+ envio: R$ 13,71",VIKEFON Official Store
4,Lenovo xt80 bluetooth 5.3 fones de ouvido sem fio verdadeiro com microfone botão controle redução ruído earhooks fone à prova dwaterproof água,"R$87,7",1253 vendido(s),4.9,Frete grátis,Lenovo Original Digital Store
5,Real condução óssea fones de ouvido bluetooth 5.3 sem fio à prova dwireless água esportes fones com microfone para exercícios de condução em execução,"R$29,98",2444 vendido(s),4.5,Frete grátis,Honghu 5 Store
6,Fones de ouvido bluetooth esportes dormir bandana fino macio elástico confortável sem fio fones música máscara olho para o lado do sono,"R$29,97",7613 vendido(s),4.7,Frete grátis,Shop4475025 Store
7,Tws fone de ouvido sem fio bluetooth 5.0 earbud touch in-ear 9d estéreo esportes à prova dwaterproof água fone de ouvido de alta fidelidade display led com microfone,"R$33,13",735 vendido(s),5,"+ envio: R$ 14,31",GOOLOOK Outlets Store
8,Tws sem fio bluetooth 5.2 fones de ouvido 9d estéreo alta fidelidade esportes à prova dwaterproof água earhook fones com fone microfone caixa carregamento,"R$75,73",350 vendido(s),1.5,"+ envio: R$ 2,61",FOEN Store
9,V5.1 f9 tws fones de ouvido sem fio bluetooth esporte à prova dhifi água fone alta fidelidade estéreo arbuds para iphone xiaomi android pnhone,"R$54,87",1330 vendido(s),4.7,"+ envio: R$ 14,36",Ybding Store
10,Original xiaomi redmi airdots 2 fone fones de ouvido bluetooth sem fio com microfone handsfree redmi airdots 2 fone de ouvido,"R$29,97",20569 vendido(s),4.5,Frete grátis,Shop911599217 Store
11,Y60 fone de ouvido bluetooth 5.1 tws sem fio fones com display led estéreo controle toque fones redução ruído,"R$40,1",1084 vendido(s),4.7,Frete grátis,Shop911531059 Store
12,Tws pro 4 bluetooth 5.0 fones de ouvido sem fio tws earburds esportes in-ear estéreo fone de ouvido sem fio fone de ouvido 4 geração pro4,"R$26,11",327 vendido(s),4.7,"+ envio: R$ 20,02",sunil Store
13,Macaron fones de ouvido sem fio fones estéreo dobrável capacetes música fones com esporte jogos crianças para huawei xiaomi,"R$64,96",358 vendido(s),4.9,Frete grátis,Qearfun Global Store
14,Novo xiaomi redmi airdots 2 tws fone de ouvido sem fio bluetooth fone fone fone fone com microfone original redmi airdots 2 fones de ouvido sem fio,"R$29,97",17325 vendido(s),4.5,Frete grátis,Shop911599217 Store
15,Pro 4 tws bluetooth fones de ouvido hi-fi sem fio fones de ouvido estéreo fones de ouvido hands-free fone de ouvido para telefone inteligente,"R$29,97",971 vendido(s),4.7,Frete grátis,Focuson Digital Store
16,Bluetooth dormir fones de ouvido esportes bandana fina macia elástica confortável música sem fio máscara para o lado do sono,"R$29,99",5201 vendido(s),4.8,"+ envio: R$ 15,28",SK1012 Store
17,Y60 fone de ouvido bluetooth com caixa carregamento fone sem fio bluetooth estéreo display led controle toque sem fio,"R$20,08",353 vendido(s),4.5,Frete grátis,Shop1100147337 Store
18,Fone original bluetooth a6s tws fones de ouvido sem fio bluetooth fone esporte estéreo para xiaomi huawei iphone,"R$19,96",598 vendido(s),4.6,Frete grátis,3CC Smart Tech Global Store
19,"Fones de ouvido sem fio, bluetooth 5.0, com microfone, case de carregamento, para todos os smartphones","R$29,97",1609 vendido(s),4.5,Frete grátis,Shop911130012 Store
20,Y50 tws fone de ouvido sem fio bluetooth 5.0 fones controle toque estéreo com microfone esporte fones bluetooth,"R$19,96",898 vendido(s),4.5,"+ envio: R$ 8,60",Shop911531059 Store
21,O envio gratuito de áudio estéreo colorido mp3 bluetooth fone ouvido sem fio fones suporte cartão sd com mic jogar 20 horas,"R$59,36",1207 vendido(s),4.8,Frete grátis,Factory sales Wireless audio
22,Condução de ar fones de ouvido sem fio bluetooth esportes tws gancho fone ouvido fone bluetooth não condução óssea,"R$19,97",591 vendido(s),4.9,Frete grátis,Shop1100147337 Store
23,Novo e6s personalizado capa logotipo imagem personalizado gaming bluetooth fones de ouvido estéreo sem fio in-ear à prova dwaterproof água esportes fone de ouvido,"R$10,01",6314 vendido(s),4.6,"+ envio: R$ 18,23",RFMicron Official Store
24,Original pro 6 tws fones de ouvido sem fio bluetooth fone estéreo mini fones com microfones para iphone android telefone,"R$20,02",65 vendido(s),5,Frete grátis,Zhenbaoshi Store
25,Pro 6 fone de ouvido bluetooth v5.0 tws controle toque sem fio fone música alta fidelidade fones com microfones chamada,"R$39,99",8 vendido(s),0,Frete grátis,Zhenbaoshi Store
26,Bluetooth fone de ouvido fones à prova dwireless água sem fio correndo esporte fone de ouvido com cancelamento de ruído mic,"R$5,01",70 vendido(s),5,"+ envio: R$ 24,54",ATOP Pack Store
27,Oneodio Sem Fio Fone de ouvido over-ear com microfone 110h tempo de jogo bluetooth v5.2 dobrável graves profundos fones de ouvido estéreo para pc telefone,"R$219,04",616 vendido(s),4.9,Frete grátis,OneNona Store
28,I7s tws fones de ouvido sem fio bluetooth 5.0 fones esporte com microfone caixa carregamento para todos os smartphones,"R$10,01",3901 vendido(s),4.5,"+ envio: R$ 13,71",VIKEFON Official Store
29,Xiaomi redmi airdots 3 fones de ouvido mi original xiaomi verdadeiro sem fio bluetooth pontos ar tws fones controle,"R$73,39",174 vendido(s),4.6,Frete grátis,Xiaomi Original Earphones Official Store
30,Original xiaomi redmi botões 3 lite juventude edição fone de ouvido sem fio bluetooth 5.2 gaming fone controle toque com microfone,"R$70,27",690 vendido(s),4.5,Frete grátis,lamellate Store
31,"Soundcore by Anker Life Q30 fone de ouvido sem fio bluetooth Modos Múltiplos com cancelamento de ruído ativo híbrido, fone sem fio bluetooth headset som de alta resolução, 40 horas de som sem recarregar.","R$370,56",14317 vendido(s),4.8,Frete grátis,ANKER Official Store
32,Lenovo lp7 tws fone de ouvido sem fio fones de ouvido bluetooth earpods à prova dwaterproof água reduzir o ruído música fones para o esporte,"R$111,6",1328 vendido(s),4.6,Frete grátis,Lenovo TopSounds Store
33,Lenovo x4 condução óssea fone de ouvido bluetooth esportes fone de ouvido à prova dwireless água sem fio fone de ouvido com microfone orelha-gancho tws baixo estéreo de alta fidelidade,"R$144,5",4048 vendido(s),4.7,Frete grátis,Lenovo Digital Online Store
34,I7s tws fones de ouvido sem fio bluetooth 5.0 fones esporte com microfone caixa carregamento para todos os smartphones,"R$20,02",2425 vendido(s),4.9,Frete grátis,HSQJ 3C Official Store
35,Y50 bluetooth fone de ouvido esportes ao ar livre fone sem fio 5.0 com carregamento bin exibição energia controle toque fones,"R$41,4",7072 vendido(s),4.6,Frete grátis,Factory Direct Collected Store
36,Fone de ouvido sem fio led display digital digital toque subwoofer inteligente ouvir música bluetooth-compatível fones de ouvido,"R$9,96",0,0,0,Shop1100035073 Store
37,Tws bluetooth fone de ouvido sem fio com microfone 9d estéreo jogos esporte fones à prova dwaterproof água controle toque,"R$43,69",65 vendido(s),5,Frete grátis,ELFTEAR US Store Store
38,Tws jogos fones de ouvido sem fio 9d estéreo surround qualidade som bluetooth fones com microfone,"R$50,16",14 vendido(s),5,Frete grátis,ELFTEAR RU Store
39,Tws fone de ouvido bluetooth 5.1 sem fio fones estéreo controle toque redução ruído com microfone para todos os telefone inteligente,"R$31,12",21 vendido(s),4,Frete grátis,HSQJ 3C Official Store
40,Sem fio 5.0 fone de ouvido controle toque esportes à prova dhifi água fone de ouvido bluetooth alta fidelidade 9d baixo estéreo fone com microfone,"R$129,05",329 vendido(s),4.8,Frete grátis,Yue Go Store
41,Mini pro 4 tws bluetooth fones de ouvido hi-fi sem fio fones de ouvido estéreo fones de ouvido hands-free fone de ouvido para telefone inteligente,"R$38,08",232 vendido(s),5,"+ envio: R$ 31,50",7 Elec. Store
42,Y50 tws fones de ouvido sem fio bluetooth fone estéreo para smartphone para iphone samsung esporte microfone,R$5,120 vendido(s),4.8,"+ envio: R$ 18,23",RFMicron Official Store
43,Redmi buds 3 juventude edição xiaomi tws fone de ouvido sem fio bluetooth 5.1 gaming headset controle toque fones 3 juventude,"R$52,12",1951 vendido(s),4.6,Frete grátis,JOOJZ Store
44,"Soundpeats air3 fones de ouvido sem fio qcc3040 bluetooth v5.2 aptx-adaptativo, cancelamento de ruído de 4 microfones + cvc, detecção de ouvido","R$254,57",3163 vendido(s),4.7,Frete grátis,SoundPEATS Official Store
45,Sennheiser momentum 2rd tws esportes fone de ouvido sem fio bluetooth hi-fi fone de ouvido redução ruído anc toque fone com carregamento,"R$406,9",35 vendido(s),4.7,Frete grátis,The Star Of Sennheiser Store
46,Novo pintado fone de ouvido bluetooth fone de ouvido sem fio fones estéreo dobrável esporte fone microfone handfree mp3 player,"R$92,05",267 vendido(s),4.8,Frete grátis,LJSHU 3C Store
47,V8 rtspo blutooth fone de ouvido sem fio estéreo hd mic fones bluetooth mãos no carro kit com microfone para iphone samsung huawei telefone,"R$38,97",2314 vendido(s),4.7,"+ envio: R$ 2,62",Shop1100022014 Store
48,Kz edx pro fones de ouvido baixo fones de ouvido no monitor do esporte com cancelamento de ruído alta fidelidade fone de ouvido nova chegada!,"R$60,5",3163 vendido(s),4.7,Frete grátis,KZ Official Store
49,"Gutsyman-óculos de sol com bluetooth 4.0, fone de ouvido masculino, sem fio, esportivo, polarizado, estilo mp3, equitação","R$55,87",408 vendido(s),4.7,Frete grátis,GUTSYMAN Official Store
50,I7s mini tws 5.0 bluetooth fone de ouvido fones esporte handsfree sem fio com caixa carregamento para ios iphone android,"R$10,01",1069 vendido(s),4.4,"+ envio: R$ 16,59",M&J MELODY & JOURNEY Official Store
51,Lenovo lp1 tws fone de ouvido bluetooth 5.0 sem fio à prova dwireless água esporte earbud cancelamento ruído mic dupla estéreo alta fidelidade baixo toque,"R$77,64",1160 vendido(s),4.6,Frete grátis,Mobile Phone Online Store
52,Lenovo XT98 ANC Bluetooth 5.2 Earphones with Mic Wireless Headphones Sports Waterproof Headsets AAC SBC Noise Reduction Earbuds,"R$133,24",0,0,Frete grátis,Lenovo Original Digital Store
53,Tws fones de ouvido sem fio bluetooth fones de ouvido alta fidelidade xbs baixo estéreo com microfone toque de carregamento para jogos esportivos telefone,"R$54,84",9137 vendido(s),4.5,Frete grátis,HYGMOCC Earphone Store
54,Original lenovo lp3 pro tws bluetooth 5.0 fones de ouvido 1200mah caso carregamento música alta fidelidade sem fio fones de ouvido jogos,"R$83,19",188 vendido(s),4.7,Frete grátis,Lenovo TWS-Original Store
55,"Gutsyman-óculos de sol esportivo estéreo sem fio, headset com bluetooth 4.1 para dirigir com telefone, mp3 e lentes de sol coloridas","R$55,87",390 vendido(s),4.9,Frete grátis,GUTSYMAN Official Store
56,Masculino fone de ouvido glasseses bluetooth 4.1 óculos de sol sem fio fones de ouvido feminino esporte fone de ouvido com microfone carro mão-livre gaming headset,R$5,42 vendido(s),4.8,"+ envio: R$ 46,68",CCCProduct Store
57,"Fones de ouvido infantil, sem fio, bluetooth, para crianças","R$118,15",169 vendido(s),4.9,Frete grátis,KELKILO Official Store
58,Nubwo g06 2.4g sem fio gaming headset 3.5mm com fio esporte fone de ouvido sobre a orelha fone redução ruído com microfone para ps5 ps4 portátil,"R$267,19",751 vendido(s),4.9,Frete grátis,Tomtop Retail Store
59,Original lenovo lp80 tws fones de ouvido bluetooth sem fio esportes movimento fitness fone baixa latência jogos música,"R$82,91",3363 vendido(s),4.6,Frete grátis,Mobile Phone Online Store
60,Fones de ouvido estéreo de alta fidelidade bluetooth fone de ouvido música fm com microfone para celular xiaomi iphone sumsamg tablet,"R$33,35",95 vendido(s),5,"+ envio: R$ 27,04",3C Happyday Store
61,Fones de ouvido bluetooth tws v5.1 esportes sem fio fones 9d estéreo baixo caixa carregamento à prova dwaterproof água com microfone,"R$54,62",3254 vendido(s),4.7,"+ envio: R$ 14,31",LBX Music Store
62,"Edifier TWS1 Pro fone de ouvido sem fio, bluetooth 5.2, aptX, até 42 horas de playback, capacidades de carregamento rápido","R$223,12",3638 vendido(s),4.8,Frete grátis,Edifier Official Store
63,Original pro6 tws controle de toque inteligente sem fio fone ouvido bluetooth 5.0 fones esporte música para todos os smartphones,"R$49,89",3180 vendido(s),4.3,Frete grátis,global Headset Store
64,100% original jbl t280 tws sem fio bluetooth fone de ouvido esportes fones graves jbl à prova dwaterproof água caso carregamento,"R$106,25",110 vendido(s),4.6,Frete grátis,ZEALO Store
65,Xiaomi 2022 sem fio tws graves profundos fones de ouvido bluetooth fone estéreo com microfone esporte à prova dwaterproof água,"R$81,01",696 vendido(s),4.3,Frete grátis,mi super factory Store
66,100% original jbl t280 tws sem fio bluetooth fone de ouvido esportes fones graves jbl à prova dwaterproof água caso carregamento,"R$104,51",761 vendido(s),4.5,Frete grátis,kpop Global Store
67,Condução óssea fones de ouvido bluetooth sem fio à prova dwireless água confortável usar aberto gancho da orelha peso leve não in-ear esportes fones de ouvido,"R$29,98",637 vendido(s),4.9,Frete grátis,LEVCOECAM HelSurDis Store
68,100% original lenovo he05x bluetooth 5.0 fones de ouvido à prova dwireless água sem fio alta fidelidade som magnético neckband fone esportes,"R$55,11",703 vendido(s),4.6,Frete grátis,Trend Tech Store
69,Qcy t17 verdadeiro bt5.1 fone de ouvido sem fio bluetooth fones alta fidelidade controle toque modo baixa latência enc earbud longa espera 26h,"R$105,33",3880 vendido(s),4.8,Frete grátis,QCY Official Store
70,Olaf bluetooth 5.0 neckband fone de ouvido sem fio adsorção magnética esporte earbud fone de ouvido à prova dwaterproof água in-ear fone de ouvido de alta fidelidade,R$5,202 vendido(s),5,"+ envio: R$ 25,84",Professional Phone Accessories Store
71,Tws mini 2 fones de ouvido sem fio bluetooth matte macaron fone com microfone caixa carregamento esportes pk i7 i12 estéreo,"R$10,01",1581 vendido(s),4.5,"+ envio: R$ 23,50",Wonderful-feeling Store
72,Hoco mini bluetooth 5.0 fones de ouvido sem fio com microfone mini handsfree fones 24hrs para iphone 13 12,"R$29,98",2086 vendido(s),4.8,Frete grátis,HOCO official store
73,Tws fone de ouvido sem fio fones à prova dvágua v5.0 bluetooth handfree esporte redução ruído com microfone,R$5,399 vendido(s),5,"+ envio: R$ 25,46",Healthy Guards Store
74,"Fone de ouvido qkz sk7 fio de cobre, estéreo hifi esportivo, para corrida, música, jogos, super grave","R$19,97",129 vendido(s),4.5,Frete grátis,CKLewis Audio Store
75,Y50 fone de ouvido bluetooth 5.0 tws headphons sem fio fones estéreo gaming fone com caixa carregamento para xiaomi iphone,"R$37,7",72 vendido(s),5,"+ envio: R$ 16,27",Shop 6600321006 Store
76,"Fones de ouvido tws com microfone., headset intra-auricular esportivo estéreo com bluetooth para xiaomi, huawei, oppo e samsung.","R$48,35",30 vendido(s),0,"+ envio: R$ 14,93",JOENEL Official Store
77,Kz zsn pro em fones de ouvido tecnologia híbrida 1ba + 1dd alta fidelidade graves metal esporte com cancelamento ruído fone monitor,"R$72,96",3728 vendido(s),4.9,Frete grátis,KZ Franchised Store
78,Qcy t13 bt5.1 tws fones de ouvido inteligentes sem fio 4 mic enc hd chamada fone de controle toque longa espera 40h,"R$108,43",8 vendido(s),0,Frete grátis,Mandlin franchise Store
79,Y30 tws blutooth 5.0 fone de ouvido sem fio com cancelamento de ruído fone de ouvido música de som estéreo 3d in-ear fones de ouvido para android ios telefone celular,"R$41,21",322 vendido(s),4.6,"+ envio: R$ 2,70",luxiaoyu Store
80,Tws f9 esporte fone de ouvido sem fio bluetooth toque mini fones estéreo baixo com 2000mah caso carregamento banco potência,"R$29,98",128 vendido(s),4.4,"+ envio: R$ 14,09",JVH fish Outdoor Watch Store
81,TWS Bluetooth 5.1 Earphones 3500mAh Charging Box Wireless Headphone 9D Stereo Sports Waterproof Earbuds Headsets With Microphone,"R$69,8",20 vendido(s),5,Frete grátis,TTT global 3c electronic products Store
82,"Edifier hecate gt4 tws verdadeiro modo duplo dos fones de ouvido do jogo sem fio 45ms latência rgb luz gamer fones de ouvido controle de toque, bluetooth 5.2","R$212,46",228 vendido(s),4.9,Frete grátis,HECATE Official Store
83,Lenovo he05 pro bluetooth 5.0 fones de ouvido sem fio dupla alto falantes baixo estéreo esportes neckband fone com microfone,"R$58,7",47 vendido(s),5,Frete grátis,Lenovo Tech Store
84,Esportes sem fio 4.1 fone de ouvido bluetooth correndo música estéreo universal mini duplo-em tampões de ouvido orelha-pendurado fones de ouvido de alta fidelidade,"R$28,02",7087 vendido(s),4.5,0,Health-Experts Store
85,Novo original bluetooth fone de ouvido sem fio fones tws fone de ouvido esportes in-ear estéreo fones à prova dwaterproof água redução de ruído hd mic,"R$65,67",14964 vendido(s),4.3,"+ envio: R$ 11,48",Global Headphones Store
86,"Fone de ouvido sem fio esportivo, com gancho, bluetooth, à prova de suor, de metal, estéreo, sem fio, para smartphone","R$9,9",50 vendido(s),3.4,"+ envio: R$ 22,90",Shop4363018 Store
87,Tws bluetooth 5.0 fones de ouvido Display LED 3500mah caixa carregamento sem fio fone 9d estéreo esportes à de toque de microfone prova dwaterproof água fones com microfone,"R$73,77",2521 vendido(s),4.6,Frete grátis,ZNP 3CDIgital Store Store
88,i7s mini TWS Bluetooth Earphone Wireless Headphones Earbuds Blutooth Handfree Headsets With Charging Box for Xiaomi Huawei phone,"R$42,22",52 vendido(s),0,Frete grátis,Top quality headphones Store
89,Bluetooth dormir fones de ouvido esportes bandana fina macia elástica confortável música sem fio máscara para o lado do sono,"R$29,99",5201 vendido(s),4.8,"+ envio: R$ 15,28",SK1012 Store
90,Xiaomi alta fidelidade dobrável fone de ouvido sem fio fones bluetooth apoio tf cartão/fm rádio/bluetooth aux fone de ouvido estéreo mic jogo profundo,"R$140,86",682 vendido(s),4.5,Frete grátis,Electrical Appliances Ofificial Store
91,Olá kitty corte bluetooth fones de ouvido dobrável sem fio anime dos desenhos animados fone de ouvido estéreo com microfone,"R$118,12",116 vendido(s),4.6,Frete grátis,We X Shoppe Store
92,Fones de ouvido sem fio bluetooth pendurado pescoço música esportes jogos fone de ouvido à prova de suor fone de ouvido para android universal telefone fones de ouvido,"R$5,28",4 vendido(s),0,"+ envio: R$ 28,56",HiMISS Global Store
93,Tws fones de ouvido sem fio bluetooth esportes à prova dhifi água fone estéreo alta fidelidade airbuds para iphone xiaomi android fone ouvido telefone f9,"R$21,33",104 vendido(s),5,"+ envio: R$ 13,57",LEEDOAR Factory Store
94,Original lenovo sh1 magnético neckband fones de ouvido sem fio bluetooth 5.0 chip alta fidelidade qualidade som ipx5 à prova dheadset água fone,"R$27,58",135 vendido(s),4.9,"+ envio: R$ 29,16",Lenovo earbuds 1 Store
95,"Soundcore by Anker Life P3 Noise Cancelling fone de ouvido sem fio bluetooth, fone sem fio bluetooth, Super Bass, 6 mics para chamadas mais nítidas, cancelamento de ruído multimodo","R$335,91",3956 vendido(s),4.9,Frete grátis,ANKER Official Store
96,"Xiaomi bluetooth 5.2 fones de ouvido sem fio com redução de ruído com 2 microfones, 24h playtime som baixo à prova dplayágua","R$87,43",738 vendido(s),4.6,Frete grátis,Global Tesco 3C store Store
97,V9 fones de ouvido bluetooth handsfree sem fio fone de ouvido de negócios drive chamada esportes para iphone samsung,"R$21,65",267 vendido(s),4.7,Frete grátis,HFJZLY 3C direct sales Store
98,Novo tws fones de ouvido bluetooth sem fio gaming fones baixa latência 9d estéreo surround música esports fone com microfone,"R$49,13",2 vendido(s),0,Frete grátis,LEMFO Europe Store
99,2022 novos esportes fones de ouvido sem fio condução óssea fone de ouvido bluetooth-compatível fone de ouvido mãos livres com microfone para correr,"R$29,98",64 vendido(s),4.5,Frete grátis,LEVCOECAM HelSurDis Store
100,Xiaomi Wireless Bluetooth Earphones Tws Headphone Bluetooth 5.0 Bass Stereo Earbuds HD Noise Reduction Sports Waterproof Headses,"R$48,91",1 vendido(s),0,Frete grátis,Upmarket Earphone Store
101,Tws invisível mini sem fio fones de ouvido com cancelamento de ruído bluetooth handsfree fone de ouvido estéreo com microfone,"R$7,4",272 vendido(s),4.8,"+ envio: R$ 20,62",FGCLSY Official Store
102,Trn am1 tws bluetooth 5.0 fones de ouvido verdadeiro controle toque sem fio com cancelamento ruído música esporte fone bt1 t300 sks z1pro,"R$65,72",62 vendido(s),4.2,Frete grátis,LuckLZ Audio Store
103,Nova abelha m50 bluetooth 5.2 fone de ouvido sem fio fones de ouvido fone de ouvido com microfone duplo fones de ouvido cvc8.0 cancelamento de ruído mãos-livres,"R$164,14",3630 vendido(s),4.9,Frete grátis,New bee Official Store
104,Jbl tune 700bt fones de ouvido sem fio bluetooth 5.0 dobrável jogos esportes fone de ouvido baixo puro ruído-cancelamento fone de ouvido com microfone,"R$105,98",434 vendido(s),3.8,0,XZWZ Store
105,Novo tws fones de ouvido sem fio bluetooth fone com controle toque 9d estéreo microfone esportes bluetooth 5.0,"R$61,32",69 vendido(s),5,Frete grátis,Shop1102110853 Store
106,Dacom sem fio bluetooth fone de ouvido correndo esportes ipx7 à prova dwaterproof água bluetooth fones aac com microfone para xiaomi huawei iphone,"R$110,61",163 vendido(s),4.8,Frete grátis,RJYLZOfficial Store
107,10 peças por atacado xiaomi redmi airdots 2 tws bluetooth fone de ouvido estéreo baixo airdots s 5.0 fones com microfone handsfree earbud,"R$336,12",1679 vendido(s),4.6,Frete grátis,Mi Authorized Experience Store
108,Lenovo tw16 fones de ouvido sem fio bluetooth 5.0 fone earhook earbud com microfone estéreo 40 horas para a condução,"R$52,34",48 vendido(s),4.9,Frete grátis,H-Helou Store
109,A6s tws bluetooth 5.0 fone de ouvido sem fio fone estéreo esporte fones microfone com caixa carregamento para smartphone,"R$10,01",73 vendido(s),4.6,Frete grátis,FOQ Digital Store
110,"Bgreen-fone de ouvido esportivo bluetooth 5.0, à prova d'água, sem fio, estéreo, para corrida, treino, ciclismo","R$77,26",28 vendido(s),5,"+ envio: R$ 7,34",BGreen Store
111,Sem fio bluetooth fones de ouvido esportes à prova dtwágua tws bluetooth 5.1 fone alta fidelidade estéreo com cancelamento ruído fone de ouvido com microfone,"R$81,72",2087 vendido(s),4.7,Frete grátis,VOULAO Official Store
112,2022 xiaomi buds 3 pro fone de ouvido sem fio bluetooth sem fio fones esporte fone jogos ar com caixa,"R$113,87",6 vendido(s),0,Frete grátis,TONGYUE MALL Store
113,"Fones de ouvido sem fio dos esportes de bluetooth 5.0, mini fones de ouvido sem fio estereofônicos para smartphones da apple e de android","R$19,97",369 vendido(s),4.6,"+ envio: R$ 2,56",eufengmai Store
114,2022 tws 5.0 bluetooth fones de ouvido sem fio esportes à prova dwaterproof água para iphone samsung xiaomi smartphones,"R$29,98",163 vendido(s),5,"+ envio: R$ 22,58",Shop1102119167 Store
115,Realme botões sem fio 2 neo fone de ouvido sem fio bluetooth pescoço esportes fone estéreo binaural correndo,"R$114,47",35 vendido(s),5,Frete grátis,OPPO OfficiaI Store
116,Baseus h19 fone de ouvido estéreo fone de ouvido fones de ouvido 3.5mm jack fio fone de ouvido com microfone para iphone 6s xiaomi samsung fone de ouvido,"R$64,09",1021 vendido(s),4.8,Frete grátis,"BASEUS Co.,Ltd. Store"
117,Jbl projeto ua rock ovew-fones de ouvido treinamento sob armadura anc cancelamento de ruído fone de ouvido sem fio bluetooth fone de ouvido com microfone,"R$493,3",8 vendido(s),0,Frete grátis,Unique mobile phone accessories city Store
118,Tws r200 fones de ouvido bluetooth verdadeiro sem fio estéreo esportes sem fio fones ouvido gancho à prova dwaterproof água com microfone,"R$68,06",392 vendido(s),4.6,"+ envio: R$ 15,18",Green Tech 3C Store
119,3500mah sem fio fones de ouvido bluetooth tws sem fio fones display led com banco potência fone de ouvido com microfone,"R$42,22",74 vendido(s),5,Frete grátis,XIci Store
